set_name,date,volume_sold
SV: Destined Rivals,2025-03-24,179.19
SV: Destined Rivals,2025-03-24,70875.74
SV: Destined Rivals,2025-03-31,315.84
SV: Destined Rivals,2025-03-31,66257.84
SV: Destined Rivals,2025-04-07,134.68
SV: Destined Rivals,2025-04-07,187715.72
SV: Destined Rivals,2025-04-14,283.05
SV: Destined Rivals,2025-04-14,114555.60
SV: Destined Rivals,2025-04-21,686.28
SV: Destined Rivals,2025-04-21,65878.72
SV: Destined Rivals,2025-04-28,3626.74
SV: Destined Rivals,2025-04-28,126336.60
SV: Destined Rivals,2025-05-05,1392.71
SV: Destined Rivals,2025-05-05,107965.14
SV: Destined Rivals,2025-05-12,1710.54
SV: Destined Rivals,2025-05-12,217928.64
SV: Destined Rivals,2025-05-19,2347.86
SV: Destined Rivals,2025-05-19,186957.20
SV: Destined Rivals,2025-05-26,8506.50
SV: Destined Rivals,2025-05-26,332999.52
SV: Destined Rivals,2025-06-02,211.38
SV: Destined Rivals,2025-06-02,7112.28
SV: Journey Together,2025-01-13,90.53
SV: Journey Together,2025-01-13,23479.83
SV: Journey Together,2025-01-20,227.50
SV: Journey Together,2025-01-20,102643.79
SV: Journey Together,2025-01-27,132.45
SV: Journey Together,2025-01-27,153899.90
SV: Journey Together,2025-02-03,596.30
SV: Journey Together,2025-02-03,116794.02
SV: Journey Together,2025-02-10,770.88
SV: Journey Together,2025-02-10,126745.20
SV: Journey Together,2025-02-17,1267.99
SV: Journey Together,2025-02-17,157140.72
SV: Journey Together,2025-02-24,1000.67
SV: Journey Together,2025-02-24,139632.90
SV: Journey Together,2025-03-03,2043.72
SV: Journey Together,2025-03-03,148388.35
SV: Journey Together,2025-03-10,5082.32
SV: Journey Together,2025-03-10,106133.94
SV: Journey Together,2025-03-17,5924.07
SV: Journey Together,2025-03-17,145400.94
SV: Journey Together,2025-03-24,9696.12
SV: Journey Together,2025-03-24,125723.70
SV: Journey Together,2025-03-31,10194.03
SV: Journey Together,2025-03-31,60804.48
SV: Journey Together,2025-04-07,6638.10
SV: Journey Together,2025-04-07,29624.40
SV: Journey Together,2025-04-14,4431.00
SV: Journey Together,2025-04-14,23219.00
SV: Journey Together,2025-04-21,5894.22
SV: Journey Together,2025-04-21,16084.50
SV: Journey Together,2025-04-28,4146.40
SV: Journey Together,2025-04-28,18948.16
SV: Journey Together,2025-05-05,5490.45
SV: Journey Together,2025-05-05,11652.68
SV: Journey Together,2025-05-12,5162.34
SV: Journey Together,2025-05-12,19426.50
SV: Journey Together,2025-05-19,3931.79
SV: Journey Together,2025-05-19,8696.80
SV: Journey Together,2025-05-26,3775.80
SV: Journey Together,2025-05-26,13420.80
SV: Journey Together,2025-06-02,629.10
SV: Obsidian Flames,2024-06-10,3021.22
SV: Obsidian Flames,2024-06-10,446.76
SV: Obsidian Flames,2024-06-17,3733.30
SV: Obsidian Flames,2024-06-17,566.20
SV: Obsidian Flames,2024-06-24,3757.68
SV: Obsidian Flames,2024-06-24,88.16
SV: Obsidian Flames,2024-07-01,3632.65
SV: Obsidian Flames,2024-07-01,240.24
SV: Obsidian Flames,2024-07-08,4035.60
SV: Obsidian Flames,2024-07-08,281.52
SV: Obsidian Flames,2024-07-15,2692.25
SV: Obsidian Flames,2024-07-15,243.95
SV: Obsidian Flames,2024-07-22,3230.60
SV: Obsidian Flames,2024-07-22,585.80
SV: Obsidian Flames,2024-07-29,3343.50
SV: Obsidian Flames,2024-07-29,563.58
SV: Obsidian Flames,2024-08-05,3347.18
SV: Obsidian Flames,2024-08-05,574.74
SV: Obsidian Flames,2024-08-12,3763.98
SV: Obsidian Flames,2024-08-12,463.57
SV: Obsidian Flames,2024-08-19,4874.05
SV: Obsidian Flames,2024-08-19,300.48
SV: Obsidian Flames,2024-08-26,2956.72
SV: Obsidian Flames,2024-08-26,336.14
SV: Obsidian Flames,2024-09-02,4550.40
SV: Obsidian Flames,2024-09-02,241.50
SV: Obsidian Flames,2024-09-09,5929.11
SV: Obsidian Flames,2024-09-09,204.73
SV: Obsidian Flames,2024-09-16,5467.91
SV: Obsidian Flames,2024-09-16,160.08
SV: Obsidian Flames,2024-09-23,3542.06
SV: Obsidian Flames,2024-09-23,314.10
SV: Obsidian Flames,2024-09-30,5951.05
SV: Obsidian Flames,2024-09-30,188.48
SV: Obsidian Flames,2024-10-07,6082.86
SV: Obsidian Flames,2024-10-07,570.90
SV: Obsidian Flames,2024-10-14,4439.26
SV: Obsidian Flames,2024-10-14,203.40
SV: Obsidian Flames,2024-10-21,5880.96
SV: Obsidian Flames,2024-10-21,408.17
SV: Obsidian Flames,2024-10-28,4784.10
SV: Obsidian Flames,2024-10-28,306.90
SV: Obsidian Flames,2024-11-04,5997.12
SV: Obsidian Flames,2024-11-04,310.96
SV: Obsidian Flames,2024-11-11,5920.32
SV: Obsidian Flames,2024-11-11,291.03
SV: Obsidian Flames,2024-11-18,7836.57
SV: Obsidian Flames,2024-11-18,487.64
SV: Obsidian Flames,2024-11-25,32968.65
SV: Obsidian Flames,2024-11-25,810.08
SV: Obsidian Flames,2024-12-02,16558.26
SV: Obsidian Flames,2024-12-02,910.47
SV: Obsidian Flames,2024-12-09,12753.60
SV: Obsidian Flames,2024-12-09,1071.84
SV: Obsidian Flames,2024-12-16,7436.79
SV: Obsidian Flames,2024-12-16,572.52
SV: Obsidian Flames,2024-12-23,14809.62
SV: Obsidian Flames,2024-12-23,799.20
SV: Obsidian Flames,2024-12-30,18357.60
SV: Obsidian Flames,2024-12-30,2086.56
SV: Obsidian Flames,2025-01-06,13553.90
SV: Obsidian Flames,2025-01-06,3209.54
SV: Obsidian Flames,2025-01-13,9330.16
SV: Obsidian Flames,2025-01-13,1535.04
SV: Obsidian Flames,2025-01-20,10831.40
SV: Obsidian Flames,2025-01-20,1270.92
SV: Obsidian Flames,2025-01-27,14953.68
SV: Obsidian Flames,2025-01-27,1612.80
SV: Obsidian Flames,2025-02-03,10675.48
SV: Obsidian Flames,2025-02-03,1607.18
SV: Obsidian Flames,2025-02-10,9989.97
SV: Obsidian Flames,2025-02-10,2210.64
SV: Obsidian Flames,2025-02-17,13037.64
SV: Obsidian Flames,2025-02-17,2816.64
SV: Obsidian Flames,2025-02-24,15593.31
SV: Obsidian Flames,2025-02-24,3038.80
SV: Obsidian Flames,2025-03-03,23653.00
SV: Obsidian Flames,2025-03-03,3300.00
SV: Obsidian Flames,2025-03-10,15668.86
SV: Obsidian Flames,2025-03-10,1892.78
SV: Obsidian Flames,2025-03-17,11270.56
SV: Obsidian Flames,2025-03-17,2382.10
SV: Obsidian Flames,2025-03-24,10827.30
SV: Obsidian Flames,2025-03-24,1636.60
SV: Obsidian Flames,2025-03-31,6011.04
SV: Obsidian Flames,2025-03-31,1338.00
SV: Obsidian Flames,2025-04-07,7901.72
SV: Obsidian Flames,2025-04-07,1105.17
SV: Obsidian Flames,2025-04-14,9090.20
SV: Obsidian Flames,2025-04-14,1103.76
SV: Obsidian Flames,2025-04-21,11348.89
SV: Obsidian Flames,2025-04-21,1186.98
SV: Obsidian Flames,2025-04-28,5922.56
SV: Obsidian Flames,2025-04-28,1092.60
SV: Obsidian Flames,2025-05-05,8372.92
SV: Obsidian Flames,2025-05-05,1134.60
SV: Obsidian Flames,2025-05-12,18534.04
SV: Obsidian Flames,2025-05-12,2509.14
SV: Obsidian Flames,2025-05-19,4389.66
SV: Obsidian Flames,2025-05-19,876.00
SV: Obsidian Flames,2025-05-26,5405.23
SV: Obsidian Flames,2025-05-26,1274.12
SV: Obsidian Flames,2025-06-02,6.00
SV: Paldea Evolved,2024-06-10,3341.00
SV: Paldea Evolved,2024-06-10,379.32
SV: Paldea Evolved,2024-06-17,6418.00
SV: Paldea Evolved,2024-06-17,430.99
SV: Paldea Evolved,2024-06-24,8353.15
SV: Paldea Evolved,2024-06-24,740.02
SV: Paldea Evolved,2024-07-01,7295.43
SV: Paldea Evolved,2024-07-01,287.97
SV: Paldea Evolved,2024-07-08,3602.76
SV: Paldea Evolved,2024-07-08,396.72
SV: Paldea Evolved,2024-07-15,5942.25
SV: Paldea Evolved,2024-07-15,506.43
SV: Paldea Evolved,2024-07-22,6988.58
SV: Paldea Evolved,2024-07-22,499.32
SV: Paldea Evolved,2024-07-29,3385.75
SV: Paldea Evolved,2024-07-29,210.80
SV: Paldea Evolved,2024-08-05,4239.25
SV: Paldea Evolved,2024-08-05,404.40
SV: Paldea Evolved,2024-08-12,4363.20
SV: Paldea Evolved,2024-08-12,127.28
SV: Paldea Evolved,2024-08-19,6102.00
SV: Paldea Evolved,2024-08-19,540.36
SV: Paldea Evolved,2024-08-26,4129.50
SV: Paldea Evolved,2024-08-26,377.14
SV: Paldea Evolved,2024-09-02,3258.41
SV: Paldea Evolved,2024-09-02,113.92
SV: Paldea Evolved,2024-09-09,5445.02
SV: Paldea Evolved,2024-09-09,78.54
SV: Paldea Evolved,2024-09-16,4892.76
SV: Paldea Evolved,2024-09-16,245.05
SV: Paldea Evolved,2024-09-23,7655.45
SV: Paldea Evolved,2024-09-23,197.69
SV: Paldea Evolved,2024-09-30,5840.45
SV: Paldea Evolved,2024-09-30,286.74
SV: Paldea Evolved,2024-10-07,7819.84
SV: Paldea Evolved,2024-10-07,361.00
SV: Paldea Evolved,2024-10-14,6964.88
SV: Paldea Evolved,2024-10-14,252.28
SV: Paldea Evolved,2024-10-21,7151.22
SV: Paldea Evolved,2024-10-21,172.32
SV: Paldea Evolved,2024-10-28,7024.16
SV: Paldea Evolved,2024-10-28,132.12
SV: Paldea Evolved,2024-11-04,4185.57
SV: Paldea Evolved,2024-11-04,521.97
SV: Paldea Evolved,2024-11-11,5054.35
SV: Paldea Evolved,2024-11-11,408.74
SV: Paldea Evolved,2024-11-18,10674.99
SV: Paldea Evolved,2024-11-18,1127.12
SV: Paldea Evolved,2024-11-25,62851.32
SV: Paldea Evolved,2024-11-25,1122.66
SV: Paldea Evolved,2024-12-02,18409.43
SV: Paldea Evolved,2024-12-02,1193.50
SV: Paldea Evolved,2024-12-09,13846.25
SV: Paldea Evolved,2024-12-09,1085.76
SV: Paldea Evolved,2024-12-16,11034.88
SV: Paldea Evolved,2024-12-16,496.57
SV: Paldea Evolved,2024-12-23,15596.70
SV: Paldea Evolved,2024-12-23,1269.62
SV: Paldea Evolved,2024-12-30,19431.00
SV: Paldea Evolved,2024-12-30,1993.50
SV: Paldea Evolved,2025-01-06,26244.59
SV: Paldea Evolved,2025-01-06,1885.44
SV: Paldea Evolved,2025-01-13,16015.20
SV: Paldea Evolved,2025-01-13,2525.06
SV: Paldea Evolved,2025-01-20,22285.92
SV: Paldea Evolved,2025-01-20,1908.95
SV: Paldea Evolved,2025-01-27,20518.32
SV: Paldea Evolved,2025-01-27,3159.80
SV: Paldea Evolved,2025-02-03,16751.68
SV: Paldea Evolved,2025-02-03,1254.90
SV: Paldea Evolved,2025-02-10,34954.11
SV: Paldea Evolved,2025-02-10,2035.74
SV: Paldea Evolved,2025-02-17,41164.48
SV: Paldea Evolved,2025-02-17,4705.04
SV: Paldea Evolved,2025-02-24,44045.64
SV: Paldea Evolved,2025-02-24,1612.93
SV: Paldea Evolved,2025-03-03,35846.96
SV: Paldea Evolved,2025-03-03,1699.40
SV: Paldea Evolved,2025-03-10,17529.72
SV: Paldea Evolved,2025-03-10,822.12
SV: Paldea Evolved,2025-03-17,20428.80
SV: Paldea Evolved,2025-03-17,809.60
SV: Paldea Evolved,2025-03-24,11750.96
SV: Paldea Evolved,2025-03-24,779.45
SV: Paldea Evolved,2025-03-31,11527.00
SV: Paldea Evolved,2025-03-31,624.16
SV: Paldea Evolved,2025-04-07,10463.16
SV: Paldea Evolved,2025-04-07,617.50
SV: Paldea Evolved,2025-04-14,15817.36
SV: Paldea Evolved,2025-04-14,681.86
SV: Paldea Evolved,2025-04-21,9485.97
SV: Paldea Evolved,2025-04-21,625.50
SV: Paldea Evolved,2025-04-28,8572.68
SV: Paldea Evolved,2025-04-28,177.50
SV: Paldea Evolved,2025-05-05,15963.57
SV: Paldea Evolved,2025-05-05,329.47
SV: Paldea Evolved,2025-05-12,50145.68
SV: Paldea Evolved,2025-05-12,755.70
SV: Paldea Evolved,2025-05-19,13730.11
SV: Paldea Evolved,2025-05-19,1181.64
SV: Paldea Evolved,2025-05-26,11858.43
SV: Paldea Evolved,2025-05-26,557.60
SV: Paldea Evolved,2025-06-02,19.77
SV: Paldean Fates,2024-06-10,146.10
SV: Paldean Fates,2024-06-10,708.75
SV: Paldean Fates,2024-06-17,589.05
SV: Paldean Fates,2024-06-17,148.40
SV: Paldean Fates,2024-06-24,226.16
SV: Paldean Fates,2024-06-24,281.07
SV: Paldean Fates,2024-07-01,552.12
SV: Paldean Fates,2024-07-01,363.00
SV: Paldean Fates,2024-07-08,152.70
SV: Paldean Fates,2024-07-08,478.65
SV: Paldean Fates,2024-07-15,381.15
SV: Paldean Fates,2024-07-15,1132.42
SV: Paldean Fates,2024-07-22,15.00
SV: Paldean Fates,2024-07-22,2425.80
SV: Paldean Fates,2024-07-29,455.91
SV: Paldean Fates,2024-07-29,808.38
SV: Paldean Fates,2024-08-05,318.08
SV: Paldean Fates,2024-08-05,501.30
SV: Paldean Fates,2024-08-12,345.60
SV: Paldean Fates,2024-08-12,768.32
SV: Paldean Fates,2024-08-19,148.80
SV: Paldean Fates,2024-08-19,1381.71
SV: Paldean Fates,2024-08-26,324.47
SV: Paldean Fates,2024-08-26,3320.32
SV: Paldean Fates,2024-09-02,184.08
SV: Paldean Fates,2024-09-02,2159.06
SV: Paldean Fates,2024-09-09,161.04
SV: Paldean Fates,2024-09-09,3355.30
SV: Paldean Fates,2024-09-16,335.34
SV: Paldean Fates,2024-09-16,1651.65
SV: Paldean Fates,2024-09-23,234.50
SV: Paldean Fates,2024-09-23,2259.90
SV: Paldean Fates,2024-09-30,169.83
SV: Paldean Fates,2024-09-30,1761.50
SV: Paldean Fates,2024-10-07,479.98
SV: Paldean Fates,2024-10-07,1916.87
SV: Paldean Fates,2024-10-14,215.10
SV: Paldean Fates,2024-10-14,2082.36
SV: Paldean Fates,2024-10-21,1000.48
SV: Paldean Fates,2024-10-21,1479.28
SV: Paldean Fates,2024-10-28,1023.35
SV: Paldean Fates,2024-10-28,2165.91
SV: Paldean Fates,2024-11-04,358.56
SV: Paldean Fates,2024-11-04,3538.50
SV: Paldean Fates,2024-11-11,166.32
SV: Paldean Fates,2024-11-11,2113.65
SV: Paldean Fates,2024-11-18,1137.12
SV: Paldean Fates,2024-11-18,2766.40
SV: Paldean Fates,2024-11-25,3044.25
SV: Paldean Fates,2024-11-25,4359.04
SV: Paldean Fates,2024-12-02,2737.98
SV: Paldean Fates,2024-12-02,3268.00
SV: Paldean Fates,2024-12-09,1196.60
SV: Paldean Fates,2024-12-09,4926.48
SV: Paldean Fates,2024-12-16,2125.70
SV: Paldean Fates,2024-12-16,3422.91
SV: Paldean Fates,2024-12-23,2493.81
SV: Paldean Fates,2024-12-23,7320.00
SV: Paldean Fates,2024-12-30,5867.99
SV: Paldean Fates,2024-12-30,9183.51
SV: Paldean Fates,2025-01-06,2859.80
SV: Paldean Fates,2025-01-06,10707.84
SV: Paldean Fates,2025-01-13,836.95
SV: Paldean Fates,2025-01-13,11227.30
SV: Paldean Fates,2025-01-20,3999.00
SV: Paldean Fates,2025-01-20,9548.00
SV: Paldean Fates,2025-01-27,10130.80
SV: Paldean Fates,2025-01-27,8346.24
SV: Paldean Fates,2025-02-03,3485.28
SV: Paldean Fates,2025-02-03,11819.00
SV: Paldean Fates,2025-02-10,5007.10
SV: Paldean Fates,2025-02-10,13194.76
SV: Paldean Fates,2025-02-17,5054.52
SV: Paldean Fates,2025-02-17,11412.21
SV: Paldean Fates,2025-02-24,6021.75
SV: Paldean Fates,2025-02-24,16073.70
SV: Paldean Fates,2025-03-03,3036.46
SV: Paldean Fates,2025-03-03,14790.72
SV: Paldean Fates,2025-03-10,3232.68
SV: Paldean Fates,2025-03-10,9848.28
SV: Paldean Fates,2025-03-17,1881.36
SV: Paldean Fates,2025-03-17,12073.40
SV: Paldean Fates,2025-03-24,1414.92
SV: Paldean Fates,2025-03-24,10827.42
SV: Paldean Fates,2025-03-31,3431.01
SV: Paldean Fates,2025-03-31,8564.72
SV: Paldean Fates,2025-04-07,3174.60
SV: Paldean Fates,2025-04-07,8459.20
SV: Paldean Fates,2025-04-14,1354.05
SV: Paldean Fates,2025-04-14,14031.05
SV: Paldean Fates,2025-04-21,1576.96
SV: Paldean Fates,2025-04-21,13696.23
SV: Paldean Fates,2025-04-28,1527.60
SV: Paldean Fates,2025-04-28,14720.11
SV: Paldean Fates,2025-05-05,1445.73
SV: Paldean Fates,2025-05-05,13779.66
SV: Paldean Fates,2025-05-12,1952.86
SV: Paldean Fates,2025-05-12,21647.34
SV: Paldean Fates,2025-05-19,1047.62
SV: Paldean Fates,2025-05-19,8956.96
SV: Paldean Fates,2025-05-26,517.44
SV: Paldean Fates,2025-05-26,5825.16
SV: Paldean Fates,2025-06-02,105.30
SV: Paldean Fates,2025-06-02,117.72
SV: Paradox Rift,2024-06-10,262.99
SV: Paradox Rift,2024-06-10,2904.93
SV: Paradox Rift,2024-06-17,486.72
SV: Paradox Rift,2024-06-17,3659.25
SV: Paradox Rift,2024-06-24,109.44
SV: Paradox Rift,2024-06-24,2343.44
SV: Paradox Rift,2024-07-01,328.32
SV: Paradox Rift,2024-07-01,3162.90
SV: Paradox Rift,2024-07-08,190.26
SV: Paradox Rift,2024-07-08,2400.74
SV: Paradox Rift,2024-07-15,147.98
SV: Paradox Rift,2024-07-15,2610.92
SV: Paradox Rift,2024-07-22,264.12
SV: Paradox Rift,2024-07-22,4111.89
SV: Paradox Rift,2024-07-29,275.00
SV: Paradox Rift,2024-07-29,3408.84
SV: Paradox Rift,2024-08-05,387.45
SV: Paradox Rift,2024-08-05,4790.40
SV: Paradox Rift,2024-08-12,361.56
SV: Paradox Rift,2024-08-12,3106.50
SV: Paradox Rift,2024-08-19,164.64
SV: Paradox Rift,2024-08-19,4001.79
SV: Paradox Rift,2024-08-26,287.64
SV: Paradox Rift,2024-08-26,2369.00
SV: Paradox Rift,2024-09-02,316.72
SV: Paradox Rift,2024-09-02,3979.17
SV: Paradox Rift,2024-09-09,385.28
SV: Paradox Rift,2024-09-09,5474.90
SV: Paradox Rift,2024-09-16,179.22
SV: Paradox Rift,2024-09-16,3277.76
SV: Paradox Rift,2024-09-23,270.00
SV: Paradox Rift,2024-09-23,2500.56
SV: Paradox Rift,2024-09-30,117.00
SV: Paradox Rift,2024-09-30,4288.83
SV: Paradox Rift,2024-10-07,253.68
SV: Paradox Rift,2024-10-07,4694.85
SV: Paradox Rift,2024-10-14,299.00
SV: Paradox Rift,2024-10-14,6609.96
SV: Paradox Rift,2024-10-21,242.19
SV: Paradox Rift,2024-10-21,4993.28
SV: Paradox Rift,2024-10-28,460.46
SV: Paradox Rift,2024-10-28,4296.28
SV: Paradox Rift,2024-11-04,375.76
SV: Paradox Rift,2024-11-04,6314.77
SV: Paradox Rift,2024-11-11,328.09
SV: Paradox Rift,2024-11-11,8506.72
SV: Paradox Rift,2024-11-18,453.00
SV: Paradox Rift,2024-11-18,7208.32
SV: Paradox Rift,2024-11-25,1192.32
SV: Paradox Rift,2024-11-25,20124.60
SV: Paradox Rift,2024-12-02,221.34
SV: Paradox Rift,2024-12-02,9711.78
SV: Paradox Rift,2024-12-09,444.16
SV: Paradox Rift,2024-12-09,8652.60
SV: Paradox Rift,2024-12-16,318.99
SV: Paradox Rift,2024-12-16,6798.60
SV: Paradox Rift,2024-12-23,979.29
SV: Paradox Rift,2024-12-23,8761.80
SV: Paradox Rift,2024-12-30,1077.24
SV: Paradox Rift,2024-12-30,7520.04
SV: Paradox Rift,2025-01-06,1337.00
SV: Paradox Rift,2025-01-06,8416.96
SV: Paradox Rift,2025-01-13,2485.71
SV: Paradox Rift,2025-01-13,14604.36
SV: Paradox Rift,2025-01-20,1697.40
SV: Paradox Rift,2025-01-20,16297.17
SV: Paradox Rift,2025-01-27,331.10
SV: Paradox Rift,2025-01-27,15432.49
SV: Paradox Rift,2025-02-03,923.16
SV: Paradox Rift,2025-02-03,13969.41
SV: Paradox Rift,2025-02-10,824.98
SV: Paradox Rift,2025-02-10,19116.16
SV: Paradox Rift,2025-02-17,1584.24
SV: Paradox Rift,2025-02-17,18218.64
SV: Paradox Rift,2025-02-24,1480.11
SV: Paradox Rift,2025-02-24,70450.50
SV: Paradox Rift,2025-03-03,4123.60
SV: Paradox Rift,2025-03-03,23022.08
SV: Paradox Rift,2025-03-10,1744.10
SV: Paradox Rift,2025-03-10,21615.68
SV: Paradox Rift,2025-03-17,1566.00
SV: Paradox Rift,2025-03-17,20259.72
SV: Paradox Rift,2025-03-24,1585.98
SV: Paradox Rift,2025-03-24,11514.36
SV: Paradox Rift,2025-03-31,1464.71
SV: Paradox Rift,2025-03-31,9605.96
SV: Paradox Rift,2025-04-07,1833.84
SV: Paradox Rift,2025-04-07,8924.40
SV: Paradox Rift,2025-04-14,579.15
SV: Paradox Rift,2025-04-14,10638.00
SV: Paradox Rift,2025-04-21,679.52
SV: Paradox Rift,2025-04-21,8198.82
SV: Paradox Rift,2025-04-28,855.44
SV: Paradox Rift,2025-04-28,6769.08
SV: Paradox Rift,2025-05-05,734.16
SV: Paradox Rift,2025-05-05,11107.25
SV: Paradox Rift,2025-05-12,2562.56
SV: Paradox Rift,2025-05-12,18451.84
SV: Paradox Rift,2025-05-19,288.50
SV: Paradox Rift,2025-05-19,4234.60
SV: Paradox Rift,2025-05-26,2601.60
SV: Paradox Rift,2025-05-26,3935.47
SV: Paradox Rift,2025-06-02,43.12
SV: Prismatic Evolutions,2024-11-04,79.84
SV: Prismatic Evolutions,2024-11-11,18.91
SV: Prismatic Evolutions,2024-11-18,86.60
SV: Prismatic Evolutions,2024-11-25,4365.52
SV: Prismatic Evolutions,2024-12-02,2155.86
SV: Prismatic Evolutions,2024-12-02,6235.84
SV: Prismatic Evolutions,2024-12-09,2707.47
SV: Prismatic Evolutions,2024-12-09,24676.74
SV: Prismatic Evolutions,2024-12-16,1279.72
SV: Prismatic Evolutions,2024-12-16,9568.80
SV: Prismatic Evolutions,2024-12-23,2159.92
SV: Prismatic Evolutions,2024-12-23,24967.14
SV: Prismatic Evolutions,2024-12-30,4132.95
SV: Prismatic Evolutions,2024-12-30,44574.40
SV: Prismatic Evolutions,2025-01-06,13728.00
SV: Prismatic Evolutions,2025-01-06,32488.30
SV: Prismatic Evolutions,2025-01-13,39533.49
SV: Prismatic Evolutions,2025-01-13,27840.78
SV: Prismatic Evolutions,2025-01-20,31600.92
SV: Prismatic Evolutions,2025-01-20,12338.47
SV: Prismatic Evolutions,2025-01-27,23334.13
SV: Prismatic Evolutions,2025-01-27,7328.49
SV: Prismatic Evolutions,2025-02-03,40071.99
SV: Prismatic Evolutions,2025-02-03,9282.70
SV: Prismatic Evolutions,2025-02-10,24351.34
SV: Prismatic Evolutions,2025-02-10,9873.15
SV: Prismatic Evolutions,2025-02-17,19843.59
SV: Prismatic Evolutions,2025-02-17,13863.92
SV: Prismatic Evolutions,2025-02-24,30544.59
SV: Prismatic Evolutions,2025-02-24,18582.90
SV: Prismatic Evolutions,2025-03-03,15879.90
SV: Prismatic Evolutions,2025-03-03,100512.00
SV: Prismatic Evolutions,2025-03-10,15770.95
SV: Prismatic Evolutions,2025-03-10,128537.90
SV: Prismatic Evolutions,2025-03-17,9981.62
SV: Prismatic Evolutions,2025-03-17,97928.05
SV: Prismatic Evolutions,2025-03-24,10033.68
SV: Prismatic Evolutions,2025-03-24,70448.77
SV: Prismatic Evolutions,2025-03-31,11719.20
SV: Prismatic Evolutions,2025-03-31,54328.12
SV: Prismatic Evolutions,2025-04-07,12707.46
SV: Prismatic Evolutions,2025-04-07,46367.81
SV: Prismatic Evolutions,2025-04-14,5976.07
SV: Prismatic Evolutions,2025-04-14,54965.46
SV: Prismatic Evolutions,2025-04-21,7367.08
SV: Prismatic Evolutions,2025-04-21,31560.00
SV: Prismatic Evolutions,2025-04-28,11677.28
SV: Prismatic Evolutions,2025-04-28,34075.56
SV: Prismatic Evolutions,2025-05-05,5062.68
SV: Prismatic Evolutions,2025-05-05,25108.56
SV: Prismatic Evolutions,2025-05-12,18756.78
SV: Prismatic Evolutions,2025-05-12,57033.06
SV: Prismatic Evolutions,2025-05-19,6547.50
SV: Prismatic Evolutions,2025-05-19,42892.43
SV: Prismatic Evolutions,2025-05-26,8212.50
SV: Prismatic Evolutions,2025-05-26,38651.40
SV: Prismatic Evolutions,2025-06-02,176.00
SV: Prismatic Evolutions,2025-06-02,1987.20
SV: Scarlet & Violet (Base Set),2024-06-10,960.70
SV: Scarlet & Violet (Base Set),2024-06-10,324.72
SV: Scarlet & Violet (Base Set),2024-06-17,2301.36
SV: Scarlet & Violet (Base Set),2024-06-17,250.00
SV: Scarlet & Violet (Base Set),2024-06-24,2490.54
SV: Scarlet & Violet (Base Set),2024-06-24,151.20
SV: Scarlet & Violet (Base Set),2024-07-01,2335.25
SV: Scarlet & Violet (Base Set),2024-07-01,477.00
SV: Scarlet & Violet (Base Set),2024-07-08,2313.75
SV: Scarlet & Violet (Base Set),2024-07-08,352.17
SV: Scarlet & Violet (Base Set),2024-07-15,1803.29
SV: Scarlet & Violet (Base Set),2024-07-15,209.42
SV: Scarlet & Violet (Base Set),2024-07-22,2037.00
SV: Scarlet & Violet (Base Set),2024-07-22,133.44
SV: Scarlet & Violet (Base Set),2024-07-29,2386.25
SV: Scarlet & Violet (Base Set),2024-07-29,163.80
SV: Scarlet & Violet (Base Set),2024-08-05,961.60
SV: Scarlet & Violet (Base Set),2024-08-05,169.26
SV: Scarlet & Violet (Base Set),2024-08-12,3312.05
SV: Scarlet & Violet (Base Set),2024-08-12,97.35
SV: Scarlet & Violet (Base Set),2024-08-19,2786.10
SV: Scarlet & Violet (Base Set),2024-08-19,244.02
SV: Scarlet & Violet (Base Set),2024-08-26,4880.52
SV: Scarlet & Violet (Base Set),2024-08-26,250.98
SV: Scarlet & Violet (Base Set),2024-09-02,3752.32
SV: Scarlet & Violet (Base Set),2024-09-02,330.60
SV: Scarlet & Violet (Base Set),2024-09-09,5070.45
SV: Scarlet & Violet (Base Set),2024-09-09,159.03
SV: Scarlet & Violet (Base Set),2024-09-16,2669.16
SV: Scarlet & Violet (Base Set),2024-09-16,54.80
SV: Scarlet & Violet (Base Set),2024-09-23,3548.30
SV: Scarlet & Violet (Base Set),2024-09-23,116.44
SV: Scarlet & Violet (Base Set),2024-09-30,2899.80
SV: Scarlet & Violet (Base Set),2024-09-30,100.80
SV: Scarlet & Violet (Base Set),2024-10-07,2255.61
SV: Scarlet & Violet (Base Set),2024-10-07,171.99
SV: Scarlet & Violet (Base Set),2024-10-14,2213.64
SV: Scarlet & Violet (Base Set),2024-10-14,162.98
SV: Scarlet & Violet (Base Set),2024-10-21,3266.24
SV: Scarlet & Violet (Base Set),2024-10-21,11.36
SV: Scarlet & Violet (Base Set),2024-10-28,2196.81
SV: Scarlet & Violet (Base Set),2024-10-28,102.96
SV: Scarlet & Violet (Base Set),2024-11-04,2481.36
SV: Scarlet & Violet (Base Set),2024-11-04,76.95
SV: Scarlet & Violet (Base Set),2024-11-11,3886.85
SV: Scarlet & Violet (Base Set),2024-11-11,286.62
SV: Scarlet & Violet (Base Set),2024-11-18,3595.68
SV: Scarlet & Violet (Base Set),2024-11-18,343.91
SV: Scarlet & Violet (Base Set),2024-11-25,19297.35
SV: Scarlet & Violet (Base Set),2024-11-25,761.40
SV: Scarlet & Violet (Base Set),2024-12-02,6832.59
SV: Scarlet & Violet (Base Set),2024-12-02,1161.86
SV: Scarlet & Violet (Base Set),2024-12-09,7297.29
SV: Scarlet & Violet (Base Set),2024-12-09,374.40
SV: Scarlet & Violet (Base Set),2024-12-16,4469.97
SV: Scarlet & Violet (Base Set),2024-12-16,391.86
SV: Scarlet & Violet (Base Set),2024-12-23,6477.66
SV: Scarlet & Violet (Base Set),2024-12-23,607.05
SV: Scarlet & Violet (Base Set),2024-12-30,11488.74
SV: Scarlet & Violet (Base Set),2024-12-30,727.18
SV: Scarlet & Violet (Base Set),2025-01-06,12757.64
SV: Scarlet & Violet (Base Set),2025-01-06,1376.25
SV: Scarlet & Violet (Base Set),2025-01-13,10121.05
SV: Scarlet & Violet (Base Set),2025-01-13,1136.52
SV: Scarlet & Violet (Base Set),2025-01-20,10556.84
SV: Scarlet & Violet (Base Set),2025-01-20,1320.22
SV: Scarlet & Violet (Base Set),2025-01-27,10319.04
SV: Scarlet & Violet (Base Set),2025-01-27,1712.96
SV: Scarlet & Violet (Base Set),2025-02-03,9728.40
SV: Scarlet & Violet (Base Set),2025-02-03,917.08
SV: Scarlet & Violet (Base Set),2025-02-10,16428.96
SV: Scarlet & Violet (Base Set),2025-02-10,1080.03
SV: Scarlet & Violet (Base Set),2025-02-17,28487.76
SV: Scarlet & Violet (Base Set),2025-02-17,3029.91
SV: Scarlet & Violet (Base Set),2025-02-24,11762.10
SV: Scarlet & Violet (Base Set),2025-02-24,1258.92
SV: Scarlet & Violet (Base Set),2025-03-03,16195.90
SV: Scarlet & Violet (Base Set),2025-03-03,1325.28
SV: Scarlet & Violet (Base Set),2025-03-10,10725.12
SV: Scarlet & Violet (Base Set),2025-03-10,1244.25
SV: Scarlet & Violet (Base Set),2025-03-17,9128.50
SV: Scarlet & Violet (Base Set),2025-03-17,246.40
SV: Scarlet & Violet (Base Set),2025-03-24,11150.19
SV: Scarlet & Violet (Base Set),2025-03-24,856.24
SV: Scarlet & Violet (Base Set),2025-03-31,8822.34
SV: Scarlet & Violet (Base Set),2025-03-31,651.69
SV: Scarlet & Violet (Base Set),2025-04-07,4173.62
SV: Scarlet & Violet (Base Set),2025-04-07,814.38
SV: Scarlet & Violet (Base Set),2025-04-14,4825.50
SV: Scarlet & Violet (Base Set),2025-04-14,748.00
SV: Scarlet & Violet (Base Set),2025-04-21,8929.52
SV: Scarlet & Violet (Base Set),2025-04-21,731.64
SV: Scarlet & Violet (Base Set),2025-04-28,4233.24
SV: Scarlet & Violet (Base Set),2025-04-28,697.23
SV: Scarlet & Violet (Base Set),2025-05-05,10333.44
SV: Scarlet & Violet (Base Set),2025-05-05,372.60
SV: Scarlet & Violet (Base Set),2025-05-12,18031.20
SV: Scarlet & Violet (Base Set),2025-05-12,765.60
SV: Scarlet & Violet (Base Set),2025-05-19,4232.60
SV: Scarlet & Violet (Base Set),2025-05-19,1157.20
SV: Scarlet & Violet (Base Set),2025-05-26,2761.33
SV: Scarlet & Violet (Base Set),2025-05-26,1172.49
SV: Scarlet & Violet (Base Set),2025-06-02,44.48
SV: Scarlet & Violet 151 (Extra),2024-06-10,4052.12
SV: Scarlet & Violet 151 (Extra),2024-06-10,838.14
SV: Scarlet & Violet 151 (Extra),2024-06-17,4049.10
SV: Scarlet & Violet 151 (Extra),2024-06-17,1028.10
SV: Scarlet & Violet 151 (Extra),2024-06-24,3428.04
SV: Scarlet & Violet 151 (Extra),2024-06-24,1228.48
SV: Scarlet & Violet 151 (Extra),2024-07-01,3593.07
SV: Scarlet & Violet 151 (Extra),2024-07-01,3349.28
SV: Scarlet & Violet 151 (Extra),2024-07-08,5203.52
SV: Scarlet & Violet 151 (Extra),2024-07-08,5982.60
SV: Scarlet & Violet 151 (Extra),2024-07-15,4095.90
SV: Scarlet & Violet 151 (Extra),2024-07-15,2550.24
SV: Scarlet & Violet 151 (Extra),2024-07-22,7957.28
SV: Scarlet & Violet 151 (Extra),2024-07-22,1581.93
SV: Scarlet & Violet 151 (Extra),2024-07-29,3321.78
SV: Scarlet & Violet 151 (Extra),2024-07-29,1751.92
SV: Scarlet & Violet 151 (Extra),2024-08-05,3993.30
SV: Scarlet & Violet 151 (Extra),2024-08-05,2124.00
SV: Scarlet & Violet 151 (Extra),2024-08-12,5044.54
SV: Scarlet & Violet 151 (Extra),2024-08-12,3258.90
SV: Scarlet & Violet 151 (Extra),2024-08-19,4207.12
SV: Scarlet & Violet 151 (Extra),2024-08-19,2833.20
SV: Scarlet & Violet 151 (Extra),2024-08-26,12631.92
SV: Scarlet & Violet 151 (Extra),2024-08-26,3258.63
SV: Scarlet & Violet 151 (Extra),2024-09-02,11176.65
SV: Scarlet & Violet 151 (Extra),2024-09-02,2149.12
SV: Scarlet & Violet 151 (Extra),2024-09-09,11681.17
SV: Scarlet & Violet 151 (Extra),2024-09-09,3247.92
SV: Scarlet & Violet 151 (Extra),2024-09-16,15231.48
SV: Scarlet & Violet 151 (Extra),2024-09-16,3325.80
SV: Scarlet & Violet 151 (Extra),2024-09-23,11214.80
SV: Scarlet & Violet 151 (Extra),2024-09-23,1961.38
SV: Scarlet & Violet 151 (Extra),2024-09-30,16550.01
SV: Scarlet & Violet 151 (Extra),2024-09-30,1699.29
SV: Scarlet & Violet 151 (Extra),2024-10-07,18960.00
SV: Scarlet & Violet 151 (Extra),2024-10-07,4209.59
SV: Scarlet & Violet 151 (Extra),2024-10-14,26910.00
SV: Scarlet & Violet 151 (Extra),2024-10-14,5418.75
SV: Scarlet & Violet 151 (Extra),2024-10-21,27384.70
SV: Scarlet & Violet 151 (Extra),2024-10-21,4071.50
SV: Scarlet & Violet 151 (Extra),2024-10-28,20049.66
SV: Scarlet & Violet 151 (Extra),2024-10-28,5536.53
SV: Scarlet & Violet 151 (Extra),2024-11-04,16036.95
SV: Scarlet & Violet 151 (Extra),2024-11-04,7298.98
SV: Scarlet & Violet 151 (Extra),2024-11-11,10015.48
SV: Scarlet & Violet 151 (Extra),2024-11-11,7446.69
SV: Scarlet & Violet 151 (Extra),2024-11-18,12933.80
SV: Scarlet & Violet 151 (Extra),2024-11-18,5216.00
SV: Scarlet & Violet 151 (Extra),2024-11-25,26091.56
SV: Scarlet & Violet 151 (Extra),2024-11-25,12556.32
SV: Scarlet & Violet 151 (Extra),2024-12-02,31089.42
SV: Scarlet & Violet 151 (Extra),2024-12-02,9424.29
SV: Scarlet & Violet 151 (Extra),2024-12-09,50130.71
SV: Scarlet & Violet 151 (Extra),2024-12-09,13017.52
SV: Scarlet & Violet 151 (Extra),2024-12-16,61045.95
SV: Scarlet & Violet 151 (Extra),2024-12-16,7142.20
SV: Scarlet & Violet 151 (Extra),2024-12-23,55651.20
SV: Scarlet & Violet 151 (Extra),2024-12-23,10019.49
SV: Scarlet & Violet 151 (Extra),2024-12-30,68950.80
SV: Scarlet & Violet 151 (Extra),2024-12-30,10527.10
SV: Scarlet & Violet 151 (Extra),2025-01-06,30130.01
SV: Scarlet & Violet 151 (Extra),2025-01-06,7110.91
SV: Scarlet & Violet 151 (Extra),2025-01-13,28534.76
SV: Scarlet & Violet 151 (Extra),2025-01-13,9147.11
SV: Scarlet & Violet 151 (Extra),2025-01-20,43395.32
SV: Scarlet & Violet 151 (Extra),2025-01-20,9867.76
SV: Scarlet & Violet 151 (Extra),2025-01-27,40280.82
SV: Scarlet & Violet 151 (Extra),2025-01-27,7208.43
SV: Scarlet & Violet 151 (Extra),2025-02-03,39601.80
SV: Scarlet & Violet 151 (Extra),2025-02-03,10143.60
SV: Scarlet & Violet 151 (Extra),2025-02-10,37211.13
SV: Scarlet & Violet 151 (Extra),2025-02-10,9233.95
SV: Scarlet & Violet 151 (Extra),2025-02-17,46500.76
SV: Scarlet & Violet 151 (Extra),2025-02-17,4493.50
SV: Scarlet & Violet 151 (Extra),2025-02-24,59702.48
SV: Scarlet & Violet 151 (Extra),2025-02-24,6107.61
SV: Scarlet & Violet 151 (Extra),2025-03-03,70088.07
SV: Scarlet & Violet 151 (Extra),2025-03-03,5611.52
SV: Scarlet & Violet 151 (Extra),2025-03-10,71496.18
SV: Scarlet & Violet 151 (Extra),2025-03-10,5567.38
SV: Scarlet & Violet 151 (Extra),2025-03-17,59295.84
SV: Scarlet & Violet 151 (Extra),2025-03-17,5105.10
SV: Scarlet & Violet 151 (Extra),2025-03-24,52279.20
SV: Scarlet & Violet 151 (Extra),2025-03-24,5558.40
SV: Scarlet & Violet 151 (Extra),2025-03-31,42474.81
SV: Scarlet & Violet 151 (Extra),2025-03-31,8629.60
SV: Scarlet & Violet 151 (Extra),2025-04-07,35682.94
SV: Scarlet & Violet 151 (Extra),2025-04-07,6938.94
SV: Scarlet & Violet 151 (Extra),2025-04-14,46174.84
SV: Scarlet & Violet 151 (Extra),2025-04-14,7599.90
SV: Scarlet & Violet 151 (Extra),2025-04-21,39298.56
SV: Scarlet & Violet 151 (Extra),2025-04-21,4204.20
SV: Scarlet & Violet 151 (Extra),2025-04-28,35471.59
SV: Scarlet & Violet 151 (Extra),2025-04-28,3916.77
SV: Scarlet & Violet 151 (Extra),2025-05-05,33143.15
SV: Scarlet & Violet 151 (Extra),2025-05-05,8178.80
SV: Scarlet & Violet 151 (Extra),2025-05-12,36360.36
SV: Scarlet & Violet 151 (Extra),2025-05-12,16529.85
SV: Scarlet & Violet 151 (Extra),2025-05-19,24029.40
SV: Scarlet & Violet 151 (Extra),2025-05-19,7676.76
SV: Scarlet & Violet 151 (Extra),2025-05-26,32651.50
SV: Scarlet & Violet 151 (Extra),2025-05-26,7071.12
SV: Scarlet & Violet 151 (Extra),2025-06-02,333.70
SV: Scarlet & Violet 151 (Extra),2025-06-02,298.53
SV: Shrouded Fable,2024-06-10,623.00
SV: Shrouded Fable,2024-06-17,1211.76
SV: Shrouded Fable,2024-06-24,212.50
SV: Shrouded Fable,2024-06-24,591.36
SV: Shrouded Fable,2024-07-01,189.41
SV: Shrouded Fable,2024-07-01,1554.84
SV: Shrouded Fable,2024-07-08,972.65
SV: Shrouded Fable,2024-07-08,1589.90
SV: Shrouded Fable,2024-07-15,675.96
SV: Shrouded Fable,2024-07-15,2955.60
SV: Shrouded Fable,2024-07-22,2924.22
SV: Shrouded Fable,2024-07-22,3605.94
SV: Shrouded Fable,2024-07-29,2651.88
SV: Shrouded Fable,2024-07-29,4827.60
SV: Shrouded Fable,2024-08-05,2595.78
SV: Shrouded Fable,2024-08-05,1801.27
SV: Shrouded Fable,2024-08-12,1788.46
SV: Shrouded Fable,2024-08-12,188.64
SV: Shrouded Fable,2024-08-19,1452.48
SV: Shrouded Fable,2024-08-19,259.76
SV: Shrouded Fable,2024-08-26,1575.09
SV: Shrouded Fable,2024-08-26,262.48
SV: Shrouded Fable,2024-09-02,1485.96
SV: Shrouded Fable,2024-09-02,1406.09
SV: Shrouded Fable,2024-09-09,1180.30
SV: Shrouded Fable,2024-09-09,3574.63
SV: Shrouded Fable,2024-09-16,407.93
SV: Shrouded Fable,2024-09-16,2091.71
SV: Shrouded Fable,2024-09-23,781.53
SV: Shrouded Fable,2024-09-23,2205.76
SV: Shrouded Fable,2024-09-30,736.88
SV: Shrouded Fable,2024-09-30,1272.96
SV: Shrouded Fable,2024-10-07,829.92
SV: Shrouded Fable,2024-10-07,1339.00
SV: Shrouded Fable,2024-10-14,221.44
SV: Shrouded Fable,2024-10-14,1724.30
SV: Shrouded Fable,2024-10-21,529.92
SV: Shrouded Fable,2024-10-21,906.75
SV: Shrouded Fable,2024-10-28,484.12
SV: Shrouded Fable,2024-10-28,404.51
SV: Shrouded Fable,2024-11-04,564.48
SV: Shrouded Fable,2024-11-04,654.53
SV: Shrouded Fable,2024-11-11,412.68
SV: Shrouded Fable,2024-11-11,180.40
SV: Shrouded Fable,2024-11-18,368.00
SV: Shrouded Fable,2024-11-18,921.48
SV: Shrouded Fable,2024-11-25,468.27
SV: Shrouded Fable,2024-11-25,2535.89
SV: Shrouded Fable,2024-12-02,781.66
SV: Shrouded Fable,2024-12-02,1446.40
SV: Shrouded Fable,2024-12-09,825.63
SV: Shrouded Fable,2024-12-09,1482.65
SV: Shrouded Fable,2024-12-16,245.05
SV: Shrouded Fable,2024-12-16,1527.21
SV: Shrouded Fable,2024-12-23,453.10
SV: Shrouded Fable,2024-12-23,1822.80
SV: Shrouded Fable,2024-12-30,406.35
SV: Shrouded Fable,2024-12-30,1813.84
SV: Shrouded Fable,2025-01-06,935.08
SV: Shrouded Fable,2025-01-06,1732.50
SV: Shrouded Fable,2025-01-13,1135.42
SV: Shrouded Fable,2025-01-13,1049.20
SV: Shrouded Fable,2025-01-20,1530.39
SV: Shrouded Fable,2025-01-20,1136.10
SV: Shrouded Fable,2025-01-27,1726.79
SV: Shrouded Fable,2025-01-27,1733.76
SV: Shrouded Fable,2025-02-03,6703.84
SV: Shrouded Fable,2025-02-03,1310.00
SV: Shrouded Fable,2025-02-10,877.40
SV: Shrouded Fable,2025-02-10,1467.06
SV: Shrouded Fable,2025-02-17,3644.81
SV: Shrouded Fable,2025-02-17,1207.68
SV: Shrouded Fable,2025-02-24,1968.60
SV: Shrouded Fable,2025-02-24,2337.92
SV: Shrouded Fable,2025-03-03,1310.40
SV: Shrouded Fable,2025-03-03,2262.96
SV: Shrouded Fable,2025-03-10,3321.50
SV: Shrouded Fable,2025-03-10,1394.00
SV: Shrouded Fable,2025-03-17,2783.82
SV: Shrouded Fable,2025-03-17,1555.31
SV: Shrouded Fable,2025-03-24,1294.70
SV: Shrouded Fable,2025-03-24,1814.00
SV: Shrouded Fable,2025-03-31,2469.05
SV: Shrouded Fable,2025-03-31,1663.20
SV: Shrouded Fable,2025-04-07,492.42
SV: Shrouded Fable,2025-04-07,1967.35
SV: Shrouded Fable,2025-04-14,1063.52
SV: Shrouded Fable,2025-04-14,1602.64
SV: Shrouded Fable,2025-04-21,1136.29
SV: Shrouded Fable,2025-04-21,1261.75
SV: Shrouded Fable,2025-04-28,744.90
SV: Shrouded Fable,2025-04-28,1062.88
SV: Shrouded Fable,2025-05-05,762.09
SV: Shrouded Fable,2025-05-05,1149.90
SV: Shrouded Fable,2025-05-12,1381.71
SV: Shrouded Fable,2025-05-12,2970.24
SV: Shrouded Fable,2025-05-19,665.28
SV: Shrouded Fable,2025-05-19,1420.80
SV: Shrouded Fable,2025-05-26,1758.40
SV: Shrouded Fable,2025-05-26,1121.14
SV: Shrouded Fable,2025-06-02,77.38
SV: Stellar Crown,2024-07-01,15.98
SV: Stellar Crown,2024-07-01,2338.20
SV: Stellar Crown,2024-07-08,7.98
SV: Stellar Crown,2024-07-08,3966.78
SV: Stellar Crown,2024-07-15,6905.43
SV: Stellar Crown,2024-07-22,7688.88
SV: Stellar Crown,2024-07-29,6913.92
SV: Stellar Crown,2024-08-05,108.60
SV: Stellar Crown,2024-08-05,11405.13
SV: Stellar Crown,2024-08-12,6.69
SV: Stellar Crown,2024-08-12,17940.72
SV: Stellar Crown,2024-08-19,73.97
SV: Stellar Crown,2024-08-19,28752.30
SV: Stellar Crown,2024-08-26,209.16
SV: Stellar Crown,2024-08-26,44100.16
SV: Stellar Crown,2024-09-02,253.11
SV: Stellar Crown,2024-09-02,88485.60
SV: Stellar Crown,2024-09-09,1398.54
SV: Stellar Crown,2024-09-09,147192.87
SV: Stellar Crown,2024-09-16,1806.00
SV: Stellar Crown,2024-09-16,45486.18
SV: Stellar Crown,2024-09-23,1878.66
SV: Stellar Crown,2024-09-23,28466.96
SV: Stellar Crown,2024-09-30,1150.24
SV: Stellar Crown,2024-09-30,33599.72
SV: Stellar Crown,2024-10-07,1043.28
SV: Stellar Crown,2024-10-07,23739.04
SV: Stellar Crown,2024-10-14,535.08
SV: Stellar Crown,2024-10-14,27920.24
SV: Stellar Crown,2024-10-21,1106.70
SV: Stellar Crown,2024-10-21,19787.60
SV: Stellar Crown,2024-10-28,557.70
SV: Stellar Crown,2024-10-28,18344.70
SV: Stellar Crown,2024-11-04,652.05
SV: Stellar Crown,2024-11-04,16871.75
SV: Stellar Crown,2024-11-11,467.82
SV: Stellar Crown,2024-11-11,21326.72
SV: Stellar Crown,2024-11-18,632.00
SV: Stellar Crown,2024-11-18,15659.10
SV: Stellar Crown,2024-11-25,2069.68
SV: Stellar Crown,2024-11-25,30400.00
SV: Stellar Crown,2024-12-02,1571.12
SV: Stellar Crown,2024-12-02,32619.84
SV: Stellar Crown,2024-12-09,2523.96
SV: Stellar Crown,2024-12-09,20612.68
SV: Stellar Crown,2024-12-16,1668.15
SV: Stellar Crown,2024-12-16,13675.06
SV: Stellar Crown,2024-12-23,1584.10
SV: Stellar Crown,2024-12-23,24980.13
SV: Stellar Crown,2024-12-30,1400.68
SV: Stellar Crown,2024-12-30,27821.86
SV: Stellar Crown,2025-01-06,1107.50
SV: Stellar Crown,2025-01-06,16482.96
SV: Stellar Crown,2025-01-13,1857.57
SV: Stellar Crown,2025-01-13,19518.20
SV: Stellar Crown,2025-01-20,1498.50
SV: Stellar Crown,2025-01-20,26556.44
SV: Stellar Crown,2025-01-27,1381.59
SV: Stellar Crown,2025-01-27,22484.25
SV: Stellar Crown,2025-02-03,1008.09
SV: Stellar Crown,2025-02-03,12475.50
SV: Stellar Crown,2025-02-10,651.52
SV: Stellar Crown,2025-02-10,12518.25
SV: Stellar Crown,2025-02-17,652.68
SV: Stellar Crown,2025-02-17,16421.86
SV: Stellar Crown,2025-02-24,874.23
SV: Stellar Crown,2025-02-24,150432.00
SV: Stellar Crown,2025-03-03,954.50
SV: Stellar Crown,2025-03-03,14782.50
SV: Stellar Crown,2025-03-10,730.24
SV: Stellar Crown,2025-03-10,18491.19
SV: Stellar Crown,2025-03-17,760.96
SV: Stellar Crown,2025-03-17,8968.08
SV: Stellar Crown,2025-03-24,748.12
SV: Stellar Crown,2025-03-24,9089.96
SV: Stellar Crown,2025-03-31,1014.80
SV: Stellar Crown,2025-03-31,7821.54
SV: Stellar Crown,2025-04-07,2285.78
SV: Stellar Crown,2025-04-07,5972.10
SV: Stellar Crown,2025-04-14,1482.30
SV: Stellar Crown,2025-04-14,7437.37
SV: Stellar Crown,2025-04-21,2535.24
SV: Stellar Crown,2025-04-21,5824.36
SV: Stellar Crown,2025-04-28,711.85
SV: Stellar Crown,2025-04-28,6655.77
SV: Stellar Crown,2025-05-05,463.60
SV: Stellar Crown,2025-05-05,13621.77
SV: Stellar Crown,2025-05-12,1380.60
SV: Stellar Crown,2025-05-12,23932.02
SV: Stellar Crown,2025-05-19,793.50
SV: Stellar Crown,2025-05-19,6675.60
SV: Stellar Crown,2025-05-26,662.04
SV: Stellar Crown,2025-05-26,3076.78
SV: Stellar Crown,2025-06-02,6.13
SV: Stellar Crown,2025-06-02,219.09
SV: Surging Sparks,2024-08-26,2533.00
SV: Surging Sparks,2024-09-02,13.47
SV: Surging Sparks,2024-09-02,3940.38
SV: Surging Sparks,2024-09-09,95.04
SV: Surging Sparks,2024-09-09,8522.40
SV: Surging Sparks,2024-09-16,74.88
SV: Surging Sparks,2024-09-16,6987.26
SV: Surging Sparks,2024-09-23,205.02
SV: Surging Sparks,2024-09-23,8081.12
SV: Surging Sparks,2024-09-30,27.86
SV: Surging Sparks,2024-09-30,18756.36
SV: Surging Sparks,2024-10-07,120.90
SV: Surging Sparks,2024-10-07,35318.90
SV: Surging Sparks,2024-10-14,1045.95
SV: Surging Sparks,2024-10-14,69137.64
SV: Surging Sparks,2024-10-21,1296.68
SV: Surging Sparks,2024-10-21,102936.08
SV: Surging Sparks,2024-10-28,1696.50
SV: Surging Sparks,2024-10-28,134330.42
SV: Surging Sparks,2024-11-04,1875.96
SV: Surging Sparks,2024-11-04,168387.20
SV: Surging Sparks,2024-11-11,5199.61
SV: Surging Sparks,2024-11-11,188282.28
SV: Surging Sparks,2024-11-18,3923.85
SV: Surging Sparks,2024-11-18,114898.01
SV: Surging Sparks,2024-11-25,7618.38
SV: Surging Sparks,2024-11-25,147257.41
SV: Surging Sparks,2024-12-02,9601.48
SV: Surging Sparks,2024-12-02,283905.00
SV: Surging Sparks,2024-12-09,7530.88
SV: Surging Sparks,2024-12-09,144447.12
SV: Surging Sparks,2024-12-16,4856.08
SV: Surging Sparks,2024-12-16,101564.50
SV: Surging Sparks,2024-12-23,3900.52
SV: Surging Sparks,2024-12-23,100765.08
SV: Surging Sparks,2024-12-30,4171.95
SV: Surging Sparks,2024-12-30,93997.80
SV: Surging Sparks,2025-01-06,4418.34
SV: Surging Sparks,2025-01-06,72907.66
SV: Surging Sparks,2025-01-13,5755.20
SV: Surging Sparks,2025-01-13,65863.56
SV: Surging Sparks,2025-01-20,4839.96
SV: Surging Sparks,2025-01-20,40380.45
SV: Surging Sparks,2025-01-27,3646.72
SV: Surging Sparks,2025-01-27,34771.88
SV: Surging Sparks,2025-02-03,6611.64
SV: Surging Sparks,2025-02-03,34477.80
SV: Surging Sparks,2025-02-10,5183.96
SV: Surging Sparks,2025-02-10,46853.10
SV: Surging Sparks,2025-02-17,4201.68
SV: Surging Sparks,2025-02-17,34610.86
SV: Surging Sparks,2025-02-24,3598.90
SV: Surging Sparks,2025-02-24,31385.64
SV: Surging Sparks,2025-03-03,2666.25
SV: Surging Sparks,2025-03-03,31124.45
SV: Surging Sparks,2025-03-10,3261.92
SV: Surging Sparks,2025-03-10,33332.00
SV: Surging Sparks,2025-03-17,3388.84
SV: Surging Sparks,2025-03-17,35257.60
SV: Surging Sparks,2025-03-24,2639.25
SV: Surging Sparks,2025-03-24,19863.76
SV: Surging Sparks,2025-03-31,1532.24
SV: Surging Sparks,2025-03-31,19904.05
SV: Surging Sparks,2025-04-07,1358.72
SV: Surging Sparks,2025-04-07,27639.00
SV: Surging Sparks,2025-04-14,2156.35
SV: Surging Sparks,2025-04-14,22998.16
SV: Surging Sparks,2025-04-21,1656.76
SV: Surging Sparks,2025-04-21,24150.14
SV: Surging Sparks,2025-04-28,1499.84
SV: Surging Sparks,2025-04-28,17103.03
SV: Surging Sparks,2025-05-05,1213.96
SV: Surging Sparks,2025-05-05,23203.62
SV: Surging Sparks,2025-05-12,1540.37
SV: Surging Sparks,2025-05-12,62681.52
SV: Surging Sparks,2025-05-19,940.68
SV: Surging Sparks,2025-05-19,31755.94
SV: Surging Sparks,2025-05-26,1626.20
SV: Surging Sparks,2025-05-26,24135.84
SV: Surging Sparks,2025-06-02,2398.44
SV: Temporal Forces,2024-06-10,469.35
SV: Temporal Forces,2024-06-10,6239.25
SV: Temporal Forces,2024-06-17,243.75
SV: Temporal Forces,2024-06-17,6620.16
SV: Temporal Forces,2024-06-24,243.75
SV: Temporal Forces,2024-06-24,6569.52
SV: Temporal Forces,2024-07-01,295.96
SV: Temporal Forces,2024-07-01,5421.50
SV: Temporal Forces,2024-07-08,430.18
SV: Temporal Forces,2024-07-08,3899.88
SV: Temporal Forces,2024-07-15,545.60
SV: Temporal Forces,2024-07-15,4943.62
SV: Temporal Forces,2024-07-22,87.36
SV: Temporal Forces,2024-07-22,3666.22
SV: Temporal Forces,2024-07-29,551.46
SV: Temporal Forces,2024-07-29,5558.11
SV: Temporal Forces,2024-08-05,254.15
SV: Temporal Forces,2024-08-05,2268.86
SV: Temporal Forces,2024-08-12,338.55
SV: Temporal Forces,2024-08-12,4574.77
SV: Temporal Forces,2024-08-19,488.13
SV: Temporal Forces,2024-08-19,4630.24
SV: Temporal Forces,2024-08-26,300.00
SV: Temporal Forces,2024-08-26,6277.20
SV: Temporal Forces,2024-09-02,302.00
SV: Temporal Forces,2024-09-02,6793.80
SV: Temporal Forces,2024-09-09,436.32
SV: Temporal Forces,2024-09-09,10591.87
SV: Temporal Forces,2024-09-16,108.72
SV: Temporal Forces,2024-09-16,5696.90
SV: Temporal Forces,2024-09-23,403.92
SV: Temporal Forces,2024-09-23,3825.72
SV: Temporal Forces,2024-09-30,498.55
SV: Temporal Forces,2024-09-30,5027.99
SV: Temporal Forces,2024-10-07,526.88
SV: Temporal Forces,2024-10-07,3240.72
SV: Temporal Forces,2024-10-14,357.60
SV: Temporal Forces,2024-10-14,3801.60
SV: Temporal Forces,2024-10-21,1094.34
SV: Temporal Forces,2024-10-21,9038.26
SV: Temporal Forces,2024-10-28,596.97
SV: Temporal Forces,2024-10-28,3220.83
SV: Temporal Forces,2024-11-04,708.89
SV: Temporal Forces,2024-11-04,5525.32
SV: Temporal Forces,2024-11-11,641.58
SV: Temporal Forces,2024-11-11,5052.60
SV: Temporal Forces,2024-11-18,1137.78
SV: Temporal Forces,2024-11-18,4530.75
SV: Temporal Forces,2024-11-25,3024.00
SV: Temporal Forces,2024-11-25,16971.42
SV: Temporal Forces,2024-12-02,446.88
SV: Temporal Forces,2024-12-02,12065.73
SV: Temporal Forces,2024-12-09,414.96
SV: Temporal Forces,2024-12-09,11732.82
SV: Temporal Forces,2024-12-16,313.32
SV: Temporal Forces,2024-12-16,5346.80
SV: Temporal Forces,2024-12-23,501.80
SV: Temporal Forces,2024-12-23,12847.68
SV: Temporal Forces,2024-12-30,426.19
SV: Temporal Forces,2024-12-30,17785.16
SV: Temporal Forces,2025-01-06,1213.47
SV: Temporal Forces,2025-01-06,17342.11
SV: Temporal Forces,2025-01-13,880.08
SV: Temporal Forces,2025-01-13,7489.92
SV: Temporal Forces,2025-01-20,3916.15
SV: Temporal Forces,2025-01-20,8524.52
SV: Temporal Forces,2025-01-27,346.02
SV: Temporal Forces,2025-01-27,9270.48
SV: Temporal Forces,2025-02-03,1413.05
SV: Temporal Forces,2025-02-03,9531.76
SV: Temporal Forces,2025-02-10,953.55
SV: Temporal Forces,2025-02-10,9201.06
SV: Temporal Forces,2025-02-17,1004.36
SV: Temporal Forces,2025-02-17,7246.26
SV: Temporal Forces,2025-02-24,1715.18
SV: Temporal Forces,2025-02-24,7329.16
SV: Temporal Forces,2025-03-03,1515.00
SV: Temporal Forces,2025-03-03,10626.60
SV: Temporal Forces,2025-03-10,1144.90
SV: Temporal Forces,2025-03-10,16570.19
SV: Temporal Forces,2025-03-17,1286.40
SV: Temporal Forces,2025-03-17,16254.48
SV: Temporal Forces,2025-03-24,705.63
SV: Temporal Forces,2025-03-24,9310.56
SV: Temporal Forces,2025-03-31,857.94
SV: Temporal Forces,2025-03-31,8034.18
SV: Temporal Forces,2025-04-07,1224.00
SV: Temporal Forces,2025-04-07,7939.20
SV: Temporal Forces,2025-04-14,1132.06
SV: Temporal Forces,2025-04-14,3950.20
SV: Temporal Forces,2025-04-21,2069.34
SV: Temporal Forces,2025-04-21,7074.72
SV: Temporal Forces,2025-04-28,1176.03
SV: Temporal Forces,2025-04-28,5114.98
SV: Temporal Forces,2025-05-05,911.84
SV: Temporal Forces,2025-05-05,9945.00
SV: Temporal Forces,2025-05-12,2098.84
SV: Temporal Forces,2025-05-12,18178.10
SV: Temporal Forces,2025-05-19,677.44
SV: Temporal Forces,2025-05-19,3146.10
SV: Temporal Forces,2025-05-26,411.40
SV: Temporal Forces,2025-05-26,3641.91
SV: Temporal Forces,2025-06-02,12.04
SV: Twilight Masquerade,2024-06-10,1467.75
SV: Twilight Masquerade,2024-06-10,23169.78
SV: Twilight Masquerade,2024-06-17,1828.40
SV: Twilight Masquerade,2024-06-17,18734.76
SV: Twilight Masquerade,2024-06-24,1755.36
SV: Twilight Masquerade,2024-06-24,20532.50
SV: Twilight Masquerade,2024-07-01,2444.40
SV: Twilight Masquerade,2024-07-01,24008.97
SV: Twilight Masquerade,2024-07-08,1925.00
SV: Twilight Masquerade,2024-07-08,25209.36
SV: Twilight Masquerade,2024-07-15,1291.62
SV: Twilight Masquerade,2024-07-15,18627.60
SV: Twilight Masquerade,2024-07-22,1000.82
SV: Twilight Masquerade,2024-07-22,17964.87
SV: Twilight Masquerade,2024-07-29,879.78
SV: Twilight Masquerade,2024-07-29,12490.92
SV: Twilight Masquerade,2024-08-05,652.34
SV: Twilight Masquerade,2024-08-05,11519.70
SV: Twilight Masquerade,2024-08-12,508.36
SV: Twilight Masquerade,2024-08-12,19752.57
SV: Twilight Masquerade,2024-08-19,567.63
SV: Twilight Masquerade,2024-08-19,11264.28
SV: Twilight Masquerade,2024-08-26,1042.56
SV: Twilight Masquerade,2024-08-26,16458.63
SV: Twilight Masquerade,2024-09-02,766.50
SV: Twilight Masquerade,2024-09-02,20499.00
SV: Twilight Masquerade,2024-09-09,831.60
SV: Twilight Masquerade,2024-09-09,21615.00
SV: Twilight Masquerade,2024-09-16,412.85
SV: Twilight Masquerade,2024-09-16,12778.62
SV: Twilight Masquerade,2024-09-23,889.00
SV: Twilight Masquerade,2024-09-23,14483.40
SV: Twilight Masquerade,2024-09-30,1065.54
SV: Twilight Masquerade,2024-09-30,14393.28
SV: Twilight Masquerade,2024-10-07,686.32
SV: Twilight Masquerade,2024-10-07,13107.60
SV: Twilight Masquerade,2024-10-14,396.93
SV: Twilight Masquerade,2024-10-14,9406.71
SV: Twilight Masquerade,2024-10-21,330.22
SV: Twilight Masquerade,2024-10-21,13510.32
SV: Twilight Masquerade,2024-10-28,577.92
SV: Twilight Masquerade,2024-10-28,7843.68
SV: Twilight Masquerade,2024-11-04,592.28
SV: Twilight Masquerade,2024-11-04,11482.12
SV: Twilight Masquerade,2024-11-11,396.00
SV: Twilight Masquerade,2024-11-11,7498.38
SV: Twilight Masquerade,2024-11-18,1006.19
SV: Twilight Masquerade,2024-11-18,10914.23
SV: Twilight Masquerade,2024-11-25,3392.34
SV: Twilight Masquerade,2024-11-25,43165.74
SV: Twilight Masquerade,2024-12-02,2492.80
SV: Twilight Masquerade,2024-12-02,28051.66
SV: Twilight Masquerade,2024-12-09,2047.24
SV: Twilight Masquerade,2024-12-09,20125.44
SV: Twilight Masquerade,2024-12-16,681.70
SV: Twilight Masquerade,2024-12-16,13667.98
SV: Twilight Masquerade,2024-12-23,1650.86
SV: Twilight Masquerade,2024-12-23,18558.54
SV: Twilight Masquerade,2024-12-30,1182.60
SV: Twilight Masquerade,2024-12-30,31831.80
SV: Twilight Masquerade,2025-01-06,621.40
SV: Twilight Masquerade,2025-01-06,32119.18
SV: Twilight Masquerade,2025-01-13,860.70
SV: Twilight Masquerade,2025-01-13,21796.94
SV: Twilight Masquerade,2025-01-20,1060.20
SV: Twilight Masquerade,2025-01-20,32329.19
SV: Twilight Masquerade,2025-01-27,1266.37
SV: Twilight Masquerade,2025-01-27,26668.07
SV: Twilight Masquerade,2025-02-03,1447.04
SV: Twilight Masquerade,2025-02-03,24160.88
SV: Twilight Masquerade,2025-02-10,2015.86
SV: Twilight Masquerade,2025-02-10,19976.32
SV: Twilight Masquerade,2025-02-17,3184.20
SV: Twilight Masquerade,2025-02-17,22898.72
SV: Twilight Masquerade,2025-02-24,2219.20
SV: Twilight Masquerade,2025-02-24,19553.40
SV: Twilight Masquerade,2025-03-03,2546.48
SV: Twilight Masquerade,2025-03-03,18815.94
SV: Twilight Masquerade,2025-03-10,3363.30
SV: Twilight Masquerade,2025-03-10,17760.06
SV: Twilight Masquerade,2025-03-17,2688.06
SV: Twilight Masquerade,2025-03-17,16728.80
SV: Twilight Masquerade,2025-03-24,830.80
SV: Twilight Masquerade,2025-03-24,13896.47
SV: Twilight Masquerade,2025-03-31,352.55
SV: Twilight Masquerade,2025-03-31,12732.00
SV: Twilight Masquerade,2025-04-07,1095.36
SV: Twilight Masquerade,2025-04-07,11300.12
SV: Twilight Masquerade,2025-04-14,1015.74
SV: Twilight Masquerade,2025-04-14,11220.51
SV: Twilight Masquerade,2025-04-21,750.89
SV: Twilight Masquerade,2025-04-21,12241.90
SV: Twilight Masquerade,2025-04-28,407.48
SV: Twilight Masquerade,2025-04-28,7040.72
SV: Twilight Masquerade,2025-05-05,405.65
SV: Twilight Masquerade,2025-05-05,8390.49
SV: Twilight Masquerade,2025-05-12,2479.40
SV: Twilight Masquerade,2025-05-12,32584.74
SV: Twilight Masquerade,2025-05-19,429.08
SV: Twilight Masquerade,2025-05-19,5775.60
SV: Twilight Masquerade,2025-05-26,947.52
SV: Twilight Masquerade,2025-05-26,5776.32
SV: Twilight Masquerade,2025-06-02,45.92
SWSH: Astral Radiance,2024-06-10,359.88
SWSH: Astral Radiance,2024-06-10,130.34
SWSH: Astral Radiance,2024-06-17,720.24
SWSH: Astral Radiance,2024-06-17,347.49
SWSH: Astral Radiance,2024-06-24,895.85
SWSH: Astral Radiance,2024-06-24,737.77
SWSH: Astral Radiance,2024-07-01,714.84
SWSH: Astral Radiance,2024-07-01,404.54
SWSH: Astral Radiance,2024-07-08,2604.60
SWSH: Astral Radiance,2024-07-08,226.80
SWSH: Astral Radiance,2024-07-15,1701.00
SWSH: Astral Radiance,2024-07-15,160.65
SWSH: Astral Radiance,2024-07-22,1015.08
SWSH: Astral Radiance,2024-07-22,216.72
SWSH: Astral Radiance,2024-07-29,672.36
SWSH: Astral Radiance,2024-07-29,78.89
SWSH: Astral Radiance,2024-08-05,667.04
SWSH: Astral Radiance,2024-08-05,99.96
SWSH: Astral Radiance,2024-08-12,1511.91
SWSH: Astral Radiance,2024-08-12,213.76
SWSH: Astral Radiance,2024-08-19,506.22
SWSH: Astral Radiance,2024-08-19,227.01
SWSH: Astral Radiance,2024-08-26,680.08
SWSH: Astral Radiance,2024-08-26,147.42
SWSH: Astral Radiance,2024-09-02,1684.00
SWSH: Astral Radiance,2024-09-02,203.49
SWSH: Astral Radiance,2024-09-09,2322.60
SWSH: Astral Radiance,2024-09-09,235.84
SWSH: Astral Radiance,2024-09-16,1305.12
SWSH: Astral Radiance,2024-09-16,259.20
SWSH: Astral Radiance,2024-09-23,1141.42
SWSH: Astral Radiance,2024-09-23,343.98
SWSH: Astral Radiance,2024-09-30,816.10
SWSH: Astral Radiance,2024-09-30,53.48
SWSH: Astral Radiance,2024-10-07,1324.40
SWSH: Astral Radiance,2024-10-07,234.88
SWSH: Astral Radiance,2024-10-14,1363.52
SWSH: Astral Radiance,2024-10-14,369.60
SWSH: Astral Radiance,2024-10-21,1402.40
SWSH: Astral Radiance,2024-10-21,244.86
SWSH: Astral Radiance,2024-10-28,711.52
SWSH: Astral Radiance,2024-10-28,297.04
SWSH: Astral Radiance,2024-11-04,713.68
SWSH: Astral Radiance,2024-11-04,130.20
SWSH: Astral Radiance,2024-11-11,2167.68
SWSH: Astral Radiance,2024-11-11,455.06
SWSH: Astral Radiance,2024-11-18,1448.32
SWSH: Astral Radiance,2024-11-18,677.16
SWSH: Astral Radiance,2024-11-25,5179.69
SWSH: Astral Radiance,2024-11-25,430.10
SWSH: Astral Radiance,2024-12-02,3992.56
SWSH: Astral Radiance,2024-12-02,656.85
SWSH: Astral Radiance,2024-12-09,2948.48
SWSH: Astral Radiance,2024-12-09,444.00
SWSH: Astral Radiance,2024-12-16,3576.75
SWSH: Astral Radiance,2024-12-16,414.00
SWSH: Astral Radiance,2024-12-23,1713.33
SWSH: Astral Radiance,2024-12-23,503.10
SWSH: Astral Radiance,2024-12-30,7691.20
SWSH: Astral Radiance,2024-12-30,2675.48
SWSH: Astral Radiance,2025-01-06,2175.60
SWSH: Astral Radiance,2025-01-06,2377.18
SWSH: Astral Radiance,2025-01-13,899.08
SWSH: Astral Radiance,2025-01-13,723.29
SWSH: Astral Radiance,2025-01-20,1155.05
SWSH: Astral Radiance,2025-01-20,1012.80
SWSH: Astral Radiance,2025-01-27,1879.68
SWSH: Astral Radiance,2025-01-27,2375.84
SWSH: Astral Radiance,2025-02-03,1173.05
SWSH: Astral Radiance,2025-02-03,2399.56
SWSH: Astral Radiance,2025-02-10,2517.79
SWSH: Astral Radiance,2025-02-10,1202.80
SWSH: Astral Radiance,2025-02-17,3900.31
SWSH: Astral Radiance,2025-02-17,2240.82
SWSH: Astral Radiance,2025-02-24,2134.35
SWSH: Astral Radiance,2025-02-24,1291.15
SWSH: Astral Radiance,2025-03-03,3085.56
SWSH: Astral Radiance,2025-03-03,842.40
SWSH: Astral Radiance,2025-03-10,5667.06
SWSH: Astral Radiance,2025-03-10,655.20
SWSH: Astral Radiance,2025-03-17,813.93
SWSH: Astral Radiance,2025-03-17,2828.16
SWSH: Astral Radiance,2025-03-24,800.79
SWSH: Astral Radiance,2025-03-24,1010.94
SWSH: Astral Radiance,2025-03-31,267.97
SWSH: Astral Radiance,2025-03-31,870.24
SWSH: Astral Radiance,2025-04-07,2428.29
SWSH: Astral Radiance,2025-04-07,1047.20
SWSH: Astral Radiance,2025-04-14,2405.07
SWSH: Astral Radiance,2025-04-14,504.00
SWSH: Astral Radiance,2025-04-21,3186.00
SWSH: Astral Radiance,2025-04-21,405.65
SWSH: Astral Radiance,2025-04-28,1872.92
SWSH: Astral Radiance,2025-04-28,398.33
SWSH: Astral Radiance,2025-05-05,11361.00
SWSH: Astral Radiance,2025-05-05,391.22
SWSH: Astral Radiance,2025-05-12,6464.48
SWSH: Astral Radiance,2025-05-12,1396.72
SWSH: Astral Radiance,2025-05-19,1643.80
SWSH: Astral Radiance,2025-05-19,605.76
SWSH: Astral Radiance,2025-05-26,1649.76
SWSH: Astral Radiance,2025-05-26,2667.39
SWSH: Brilliant Stars,2024-06-10,2808.15
SWSH: Brilliant Stars,2024-06-10,264.27
SWSH: Brilliant Stars,2024-06-17,1653.30
SWSH: Brilliant Stars,2024-06-17,277.50
SWSH: Brilliant Stars,2024-06-24,4173.81
SWSH: Brilliant Stars,2024-06-24,503.84
SWSH: Brilliant Stars,2024-07-01,3757.74
SWSH: Brilliant Stars,2024-07-01,539.11
SWSH: Brilliant Stars,2024-07-08,3776.22
SWSH: Brilliant Stars,2024-07-08,193.96
SWSH: Brilliant Stars,2024-07-15,2526.30
SWSH: Brilliant Stars,2024-07-15,519.10
SWSH: Brilliant Stars,2024-07-22,2720.25
SWSH: Brilliant Stars,2024-07-22,208.22
SWSH: Brilliant Stars,2024-07-29,1089.42
SWSH: Brilliant Stars,2024-07-29,180.96
SWSH: Brilliant Stars,2024-08-05,907.35
SWSH: Brilliant Stars,2024-08-05,334.80
SWSH: Brilliant Stars,2024-08-12,1646.73
SWSH: Brilliant Stars,2024-08-12,415.15
SWSH: Brilliant Stars,2024-08-19,2370.81
SWSH: Brilliant Stars,2024-08-19,288.36
SWSH: Brilliant Stars,2024-08-26,1475.12
SWSH: Brilliant Stars,2024-08-26,457.38
SWSH: Brilliant Stars,2024-09-02,2590.42
SWSH: Brilliant Stars,2024-09-02,1033.59
SWSH: Brilliant Stars,2024-09-09,3421.90
SWSH: Brilliant Stars,2024-09-09,406.02
SWSH: Brilliant Stars,2024-09-16,2862.40
SWSH: Brilliant Stars,2024-09-16,504.19
SWSH: Brilliant Stars,2024-09-23,2363.27
SWSH: Brilliant Stars,2024-09-23,374.44
SWSH: Brilliant Stars,2024-09-30,2192.52
SWSH: Brilliant Stars,2024-09-30,431.20
SWSH: Brilliant Stars,2024-10-07,1091.22
SWSH: Brilliant Stars,2024-10-07,540.00
SWSH: Brilliant Stars,2024-10-14,1625.58
SWSH: Brilliant Stars,2024-10-14,110.88
SWSH: Brilliant Stars,2024-10-21,3285.18
SWSH: Brilliant Stars,2024-10-21,297.16
SWSH: Brilliant Stars,2024-10-28,2638.30
SWSH: Brilliant Stars,2024-10-28,258.06
SWSH: Brilliant Stars,2024-11-04,1914.10
SWSH: Brilliant Stars,2024-11-04,638.75
SWSH: Brilliant Stars,2024-11-11,2652.30
SWSH: Brilliant Stars,2024-11-11,587.52
SWSH: Brilliant Stars,2024-11-18,3567.82
SWSH: Brilliant Stars,2024-11-18,1295.80
SWSH: Brilliant Stars,2024-11-25,10257.00
SWSH: Brilliant Stars,2024-11-25,1914.88
SWSH: Brilliant Stars,2024-12-02,4405.72
SWSH: Brilliant Stars,2024-12-02,1857.25
SWSH: Brilliant Stars,2024-12-09,5857.71
SWSH: Brilliant Stars,2024-12-09,1335.66
SWSH: Brilliant Stars,2024-12-16,3563.03
SWSH: Brilliant Stars,2024-12-16,799.98
SWSH: Brilliant Stars,2024-12-23,3040.10
SWSH: Brilliant Stars,2024-12-23,1331.20
SWSH: Brilliant Stars,2024-12-30,4630.49
SWSH: Brilliant Stars,2024-12-30,2264.40
SWSH: Brilliant Stars,2025-01-06,5777.52
SWSH: Brilliant Stars,2025-01-06,1166.44
SWSH: Brilliant Stars,2025-01-13,3188.57
SWSH: Brilliant Stars,2025-01-13,840.00
SWSH: Brilliant Stars,2025-01-20,3207.71
SWSH: Brilliant Stars,2025-01-20,1707.51
SWSH: Brilliant Stars,2025-01-27,3113.00
SWSH: Brilliant Stars,2025-01-27,1693.62
SWSH: Brilliant Stars,2025-02-03,3428.28
SWSH: Brilliant Stars,2025-02-03,2482.48
SWSH: Brilliant Stars,2025-02-10,2847.20
SWSH: Brilliant Stars,2025-02-10,1803.36
SWSH: Brilliant Stars,2025-02-17,7462.78
SWSH: Brilliant Stars,2025-02-17,2610.00
SWSH: Brilliant Stars,2025-02-24,6870.24
SWSH: Brilliant Stars,2025-02-24,1248.71
SWSH: Brilliant Stars,2025-03-03,4979.30
SWSH: Brilliant Stars,2025-03-03,1163.88
SWSH: Brilliant Stars,2025-03-10,2074.87
SWSH: Brilliant Stars,2025-03-10,1425.24
SWSH: Brilliant Stars,2025-03-17,2674.44
SWSH: Brilliant Stars,2025-03-17,1603.80
SWSH: Brilliant Stars,2025-03-24,2933.20
SWSH: Brilliant Stars,2025-03-24,1794.56
SWSH: Brilliant Stars,2025-03-31,4064.06
SWSH: Brilliant Stars,2025-03-31,1046.52
SWSH: Brilliant Stars,2025-04-07,4930.51
SWSH: Brilliant Stars,2025-04-07,1718.08
SWSH: Brilliant Stars,2025-04-14,5838.40
SWSH: Brilliant Stars,2025-04-14,493.02
SWSH: Brilliant Stars,2025-04-21,5068.55
SWSH: Brilliant Stars,2025-04-28,11172.89
SWSH: Brilliant Stars,2025-05-05,16298.00
SWSH: Brilliant Stars,2025-05-12,10023.17
SWSH: Brilliant Stars,2025-05-19,3445.68
SWSH: Brilliant Stars,2025-05-26,5494.45
SWSH: Evolving Skies,2024-06-10,6249.87
SWSH: Evolving Skies,2024-06-10,2353.59
SWSH: Evolving Skies,2024-06-17,3486.30
SWSH: Evolving Skies,2024-06-17,3499.79
SWSH: Evolving Skies,2024-06-24,4203.60
SWSH: Evolving Skies,2024-06-24,2564.49
SWSH: Evolving Skies,2024-07-01,6995.70
SWSH: Evolving Skies,2024-07-01,2781.24
SWSH: Evolving Skies,2024-07-08,4097.22
SWSH: Evolving Skies,2024-07-08,2055.40
SWSH: Evolving Skies,2024-07-15,1938.33
SWSH: Evolving Skies,2024-07-15,3384.79
SWSH: Evolving Skies,2024-07-22,3304.95
SWSH: Evolving Skies,2024-07-22,2488.14
SWSH: Evolving Skies,2024-07-29,5199.84
SWSH: Evolving Skies,2024-07-29,3720.84
SWSH: Evolving Skies,2024-08-05,7336.78
SWSH: Evolving Skies,2024-08-05,1807.47
SWSH: Evolving Skies,2024-08-12,6226.92
SWSH: Evolving Skies,2024-08-12,4783.46
SWSH: Evolving Skies,2024-08-19,4073.52
SWSH: Evolving Skies,2024-08-19,2457.98
SWSH: Evolving Skies,2024-08-26,5436.08
SWSH: Evolving Skies,2024-08-26,1940.51
SWSH: Evolving Skies,2024-09-02,6847.10
SWSH: Evolving Skies,2024-09-02,3108.12
SWSH: Evolving Skies,2024-09-09,18015.66
SWSH: Evolving Skies,2024-09-09,3414.93
SWSH: Evolving Skies,2024-09-16,10366.05
SWSH: Evolving Skies,2024-09-16,5130.24
SWSH: Evolving Skies,2024-09-23,13190.37
SWSH: Evolving Skies,2024-09-23,2568.39
SWSH: Evolving Skies,2024-09-30,9085.83
SWSH: Evolving Skies,2024-09-30,2151.56
SWSH: Evolving Skies,2024-10-07,12247.31
SWSH: Evolving Skies,2024-10-07,4140.29
SWSH: Evolving Skies,2024-10-14,9947.08
SWSH: Evolving Skies,2024-10-14,4140.88
SWSH: Evolving Skies,2024-10-21,8238.90
SWSH: Evolving Skies,2024-10-21,6464.08
SWSH: Evolving Skies,2024-10-28,5939.71
SWSH: Evolving Skies,2024-10-28,2509.95
SWSH: Evolving Skies,2024-11-04,5189.82
SWSH: Evolving Skies,2024-11-04,5170.80
SWSH: Evolving Skies,2024-11-11,11356.54
SWSH: Evolving Skies,2024-11-11,4051.74
SWSH: Evolving Skies,2024-11-18,15014.91
SWSH: Evolving Skies,2024-11-18,7470.40
SWSH: Evolving Skies,2024-11-25,26353.04
SWSH: Evolving Skies,2024-11-25,16753.23
SWSH: Evolving Skies,2024-12-02,18629.60
SWSH: Evolving Skies,2024-12-02,6913.86
SWSH: Evolving Skies,2024-12-09,13221.18
SWSH: Evolving Skies,2024-12-09,13898.16
SWSH: Evolving Skies,2024-12-16,8583.12
SWSH: Evolving Skies,2024-12-16,8285.04
SWSH: Evolving Skies,2024-12-23,10706.19
SWSH: Evolving Skies,2024-12-23,7124.04
SWSH: Evolving Skies,2024-12-30,10484.00
SWSH: Evolving Skies,2024-12-30,13727.00
SWSH: Evolving Skies,2025-01-06,17751.16
SWSH: Evolving Skies,2025-01-06,7718.01
SWSH: Evolving Skies,2025-01-13,10810.64
SWSH: Evolving Skies,2025-01-13,6034.13
SWSH: Evolving Skies,2025-01-20,8198.88
SWSH: Evolving Skies,2025-01-20,3978.00
SWSH: Evolving Skies,2025-01-27,9677.36
SWSH: Evolving Skies,2025-01-27,8125.20
SWSH: Evolving Skies,2025-02-03,6847.45
SWSH: Evolving Skies,2025-02-03,3403.20
SWSH: Evolving Skies,2025-02-10,11951.46
SWSH: Evolving Skies,2025-02-10,3293.29
SWSH: Evolving Skies,2025-02-17,7927.80
SWSH: Evolving Skies,2025-02-17,3045.70
SWSH: Evolving Skies,2025-02-24,6559.15
SWSH: Evolving Skies,2025-02-24,5974.93
SWSH: Evolving Skies,2025-03-03,10307.20
SWSH: Evolving Skies,2025-03-03,6314.95
SWSH: Evolving Skies,2025-03-10,13214.00
SWSH: Evolving Skies,2025-03-10,3424.56
SWSH: Evolving Skies,2025-03-17,13078.80
SWSH: Evolving Skies,2025-03-17,5260.08
SWSH: Evolving Skies,2025-03-24,7858.14
SWSH: Evolving Skies,2025-03-24,5934.50
SWSH: Evolving Skies,2025-03-31,6534.85
SWSH: Evolving Skies,2025-03-31,2755.90
SWSH: Evolving Skies,2025-04-07,1291.97
SWSH: Evolving Skies,2025-04-07,4140.18
SWSH: Evolving Skies,2025-04-14,12128.31
SWSH: Evolving Skies,2025-04-14,6849.36
SWSH: Evolving Skies,2025-04-21,4007.07
SWSH: Evolving Skies,2025-04-21,4456.05
SWSH: Evolving Skies,2025-04-28,14220.70
SWSH: Evolving Skies,2025-04-28,2610.36
SWSH: Evolving Skies,2025-05-05,34993.42
SWSH: Evolving Skies,2025-05-05,2809.62
SWSH: Evolving Skies,2025-05-12,3257.06
SWSH: Evolving Skies,2025-05-12,17788.80
SWSH: Evolving Skies,2025-05-19,5040.99
SWSH: Evolving Skies,2025-05-19,3661.92
SWSH: Evolving Skies,2025-05-26,18004.10
SWSH: Evolving Skies,2025-05-26,3249.93
SWSH: Fusion Strike,2024-06-10,5167.58
SWSH: Fusion Strike,2024-06-10,103.50
SWSH: Fusion Strike,2024-06-17,1413.54
SWSH: Fusion Strike,2024-06-17,520.94
SWSH: Fusion Strike,2024-06-24,1906.40
SWSH: Fusion Strike,2024-06-24,318.25
SWSH: Fusion Strike,2024-07-01,2403.60
SWSH: Fusion Strike,2024-07-01,357.20
SWSH: Fusion Strike,2024-07-08,3650.85
SWSH: Fusion Strike,2024-07-08,256.48
SWSH: Fusion Strike,2024-07-15,3885.60
SWSH: Fusion Strike,2024-07-15,60.45
SWSH: Fusion Strike,2024-07-22,3556.65
SWSH: Fusion Strike,2024-07-22,797.44
SWSH: Fusion Strike,2024-07-29,1894.48
SWSH: Fusion Strike,2024-07-29,284.92
SWSH: Fusion Strike,2024-08-05,1184.85
SWSH: Fusion Strike,2024-08-05,578.10
SWSH: Fusion Strike,2024-08-12,2132.55
SWSH: Fusion Strike,2024-08-12,530.88
SWSH: Fusion Strike,2024-08-19,3424.05
SWSH: Fusion Strike,2024-08-19,201.18
SWSH: Fusion Strike,2024-08-26,2415.60
SWSH: Fusion Strike,2024-08-26,257.95
SWSH: Fusion Strike,2024-09-02,3017.70
SWSH: Fusion Strike,2024-09-02,230.50
SWSH: Fusion Strike,2024-09-09,5893.16
SWSH: Fusion Strike,2024-09-09,487.92
SWSH: Fusion Strike,2024-09-16,4648.16
SWSH: Fusion Strike,2024-09-16,370.40
SWSH: Fusion Strike,2024-09-23,4631.88
SWSH: Fusion Strike,2024-09-23,341.88
SWSH: Fusion Strike,2024-09-30,1682.96
SWSH: Fusion Strike,2024-09-30,329.44
SWSH: Fusion Strike,2024-10-07,5311.25
SWSH: Fusion Strike,2024-10-07,579.59
SWSH: Fusion Strike,2024-10-14,4203.56
SWSH: Fusion Strike,2024-10-14,187.60
SWSH: Fusion Strike,2024-10-21,5647.00
SWSH: Fusion Strike,2024-10-21,803.44
SWSH: Fusion Strike,2024-10-28,5747.75
SWSH: Fusion Strike,2024-10-28,921.20
SWSH: Fusion Strike,2024-11-04,5568.00
SWSH: Fusion Strike,2024-11-04,527.80
SWSH: Fusion Strike,2024-11-11,3762.40
SWSH: Fusion Strike,2024-11-11,603.84
SWSH: Fusion Strike,2024-11-18,7034.24
SWSH: Fusion Strike,2024-11-18,472.77
SWSH: Fusion Strike,2024-11-25,17736.08
SWSH: Fusion Strike,2024-11-25,1747.19
SWSH: Fusion Strike,2024-12-02,3554.10
SWSH: Fusion Strike,2024-12-09,2592.00
SWSH: Fusion Strike,2024-12-16,2619.75
SWSH: Fusion Strike,2024-12-23,2025.00
SWSH: Fusion Strike,2024-12-30,4753.00
SWSH: Fusion Strike,2025-01-06,2175.00
SWSH: Fusion Strike,2025-01-13,1319.40
SWSH: Fusion Strike,2025-01-20,2750.12
SWSH: Fusion Strike,2025-01-27,1753.36
SWSH: Fusion Strike,2025-02-03,1977.60
SWSH: Fusion Strike,2025-02-10,2583.36
SWSH: Fusion Strike,2025-02-17,1531.71
SWSH: Fusion Strike,2025-02-24,3398.03
SWSH: Fusion Strike,2025-03-03,2006.88
SWSH: Fusion Strike,2025-03-10,2241.30
SWSH: Fusion Strike,2025-03-17,1419.12
SWSH: Fusion Strike,2025-03-24,1689.74
SWSH: Fusion Strike,2025-03-31,2288.10
SWSH: Fusion Strike,2025-04-07,1084.58
SWSH: Fusion Strike,2025-04-14,1128.96
SWSH: Fusion Strike,2025-04-21,1676.19
SWSH: Fusion Strike,2025-04-28,1111.56
SWSH: Fusion Strike,2025-05-05,3243.50
SWSH: Fusion Strike,2025-05-12,6450.72
SWSH: Fusion Strike,2025-05-19,3281.04
SWSH: Fusion Strike,2025-05-26,1584.80
SWSH: Lost Origin,2024-06-10,3294.88
SWSH: Lost Origin,2024-06-10,567.00
SWSH: Lost Origin,2024-06-17,7340.84
SWSH: Lost Origin,2024-06-17,342.76
SWSH: Lost Origin,2024-06-24,7180.48
SWSH: Lost Origin,2024-06-24,349.28
SWSH: Lost Origin,2024-07-01,5124.34
SWSH: Lost Origin,2024-07-01,605.01
SWSH: Lost Origin,2024-07-08,3893.20
SWSH: Lost Origin,2024-07-08,178.22
SWSH: Lost Origin,2024-07-15,3752.12
SWSH: Lost Origin,2024-07-15,409.50
SWSH: Lost Origin,2024-07-22,3015.60
SWSH: Lost Origin,2024-07-22,545.60
SWSH: Lost Origin,2024-07-29,2890.16
SWSH: Lost Origin,2024-07-29,382.20
SWSH: Lost Origin,2024-08-05,3176.55
SWSH: Lost Origin,2024-08-05,271.70
SWSH: Lost Origin,2024-08-12,3239.25
SWSH: Lost Origin,2024-08-12,773.56
SWSH: Lost Origin,2024-08-19,3837.06
SWSH: Lost Origin,2024-08-19,473.22
SWSH: Lost Origin,2024-08-26,1066.65
SWSH: Lost Origin,2024-08-26,209.88
SWSH: Lost Origin,2024-09-02,2750.93
SWSH: Lost Origin,2024-09-02,288.60
SWSH: Lost Origin,2024-09-09,4310.46
SWSH: Lost Origin,2024-09-09,543.95
SWSH: Lost Origin,2024-09-16,4355.78
SWSH: Lost Origin,2024-09-16,357.28
SWSH: Lost Origin,2024-09-23,6421.34
SWSH: Lost Origin,2024-09-23,550.97
SWSH: Lost Origin,2024-09-30,3175.95
SWSH: Lost Origin,2024-09-30,789.91
SWSH: Lost Origin,2024-10-07,3747.31
SWSH: Lost Origin,2024-10-07,660.96
SWSH: Lost Origin,2024-10-14,4541.40
SWSH: Lost Origin,2024-10-14,974.38
SWSH: Lost Origin,2024-10-21,3037.32
SWSH: Lost Origin,2024-10-21,1717.08
SWSH: Lost Origin,2024-10-28,3529.80
SWSH: Lost Origin,2024-10-28,853.60
SWSH: Lost Origin,2024-11-04,4273.02
SWSH: Lost Origin,2024-11-04,412.80
SWSH: Lost Origin,2024-11-11,4949.07
SWSH: Lost Origin,2024-11-11,1163.48
SWSH: Lost Origin,2024-11-18,5201.46
SWSH: Lost Origin,2024-11-18,810.11
SWSH: Lost Origin,2024-11-25,27368.85
SWSH: Lost Origin,2024-11-25,2062.20
SWSH: Lost Origin,2024-12-02,7115.15
SWSH: Lost Origin,2024-12-02,2548.29
SWSH: Lost Origin,2024-12-09,6411.08
SWSH: Lost Origin,2024-12-09,1627.71
SWSH: Lost Origin,2024-12-16,7035.28
SWSH: Lost Origin,2024-12-16,1956.55
SWSH: Lost Origin,2024-12-23,8304.90
SWSH: Lost Origin,2024-12-23,1880.74
SWSH: Lost Origin,2024-12-30,19468.96
SWSH: Lost Origin,2024-12-30,3769.92
SWSH: Lost Origin,2025-01-06,7706.20
SWSH: Lost Origin,2025-01-06,2816.24
SWSH: Lost Origin,2025-01-13,3478.59
SWSH: Lost Origin,2025-01-13,2617.23
SWSH: Lost Origin,2025-01-20,4079.13
SWSH: Lost Origin,2025-01-20,2917.64
SWSH: Lost Origin,2025-01-27,6327.18
SWSH: Lost Origin,2025-01-27,6638.47
SWSH: Lost Origin,2025-02-03,8155.68
SWSH: Lost Origin,2025-02-03,2449.68
SWSH: Lost Origin,2025-02-10,12945.19
SWSH: Lost Origin,2025-02-10,2364.96
SWSH: Lost Origin,2025-02-17,9549.54
SWSH: Lost Origin,2025-02-17,2148.16
SWSH: Lost Origin,2025-02-24,23950.43
SWSH: Lost Origin,2025-02-24,927.36
SWSH: Lost Origin,2025-03-03,4898.79
SWSH: Lost Origin,2025-03-03,571.59
SWSH: Lost Origin,2025-03-10,6733.19
SWSH: Lost Origin,2025-03-10,814.08
SWSH: Lost Origin,2025-03-17,4728.96
SWSH: Lost Origin,2025-03-17,1047.80
SWSH: Lost Origin,2025-03-24,4349.07
SWSH: Lost Origin,2025-03-24,819.65
SWSH: Lost Origin,2025-03-31,3912.90
SWSH: Lost Origin,2025-03-31,1360.32
SWSH: Lost Origin,2025-04-07,3447.45
SWSH: Lost Origin,2025-04-07,1415.88
SWSH: Lost Origin,2025-04-14,6101.92
SWSH: Lost Origin,2025-04-14,622.67
SWSH: Lost Origin,2025-04-21,5089.24
SWSH: Lost Origin,2025-04-21,241.08
SWSH: Lost Origin,2025-04-28,4702.20
SWSH: Lost Origin,2025-04-28,201.25
SWSH: Lost Origin,2025-05-05,32206.16
SWSH: Lost Origin,2025-05-05,612.75
SWSH: Lost Origin,2025-05-12,15682.20
SWSH: Lost Origin,2025-05-12,1827.67
SWSH: Lost Origin,2025-05-19,6948.89
SWSH: Lost Origin,2025-05-19,1315.21
SWSH: Lost Origin,2025-05-26,3778.74
SWSH: Lost Origin,2025-05-26,648.97
SWSH: Silver Tempest,2024-06-10,1004.10
SWSH: Silver Tempest,2024-06-10,365.19
SWSH: Silver Tempest,2024-06-17,2149.81
SWSH: Silver Tempest,2024-06-17,868.66
SWSH: Silver Tempest,2024-06-24,1950.84
SWSH: Silver Tempest,2024-06-24,1268.82
SWSH: Silver Tempest,2024-07-01,2271.78
SWSH: Silver Tempest,2024-07-01,477.00
SWSH: Silver Tempest,2024-07-08,2961.18
SWSH: Silver Tempest,2024-07-08,1033.62
SWSH: Silver Tempest,2024-07-15,1831.94
SWSH: Silver Tempest,2024-07-15,730.94
SWSH: Silver Tempest,2024-07-22,1511.46
SWSH: Silver Tempest,2024-07-22,524.60
SWSH: Silver Tempest,2024-07-29,3137.47
SWSH: Silver Tempest,2024-07-29,355.95
SWSH: Silver Tempest,2024-08-05,2472.75
SWSH: Silver Tempest,2024-08-05,148.58
SWSH: Silver Tempest,2024-08-12,1150.59
SWSH: Silver Tempest,2024-08-12,402.22
SWSH: Silver Tempest,2024-08-19,1974.60
SWSH: Silver Tempest,2024-08-19,357.00
SWSH: Silver Tempest,2024-08-26,1465.11
SWSH: Silver Tempest,2024-08-26,314.64
SWSH: Silver Tempest,2024-09-02,966.66
SWSH: Silver Tempest,2024-09-02,549.50
SWSH: Silver Tempest,2024-09-09,3552.81
SWSH: Silver Tempest,2024-09-09,431.52
SWSH: Silver Tempest,2024-09-16,1695.32
SWSH: Silver Tempest,2024-09-16,398.20
SWSH: Silver Tempest,2024-09-23,3203.00
SWSH: Silver Tempest,2024-09-23,538.02
SWSH: Silver Tempest,2024-09-30,956.52
SWSH: Silver Tempest,2024-09-30,497.49
SWSH: Silver Tempest,2024-10-07,805.30
SWSH: Silver Tempest,2024-10-07,829.84
SWSH: Silver Tempest,2024-10-14,2882.70
SWSH: Silver Tempest,2024-10-14,1009.20
SWSH: Silver Tempest,2024-10-21,2266.32
SWSH: Silver Tempest,2024-10-21,213.58
SWSH: Silver Tempest,2024-10-28,1153.39
SWSH: Silver Tempest,2024-10-28,537.68
SWSH: Silver Tempest,2024-11-04,1832.27
SWSH: Silver Tempest,2024-11-04,422.05
SWSH: Silver Tempest,2024-11-11,2818.43
SWSH: Silver Tempest,2024-11-11,673.44
SWSH: Silver Tempest,2024-11-18,2341.08
SWSH: Silver Tempest,2024-11-18,824.85
SWSH: Silver Tempest,2024-11-25,7284.48
SWSH: Silver Tempest,2024-11-25,1343.16
SWSH: Silver Tempest,2024-12-02,4663.17
SWSH: Silver Tempest,2024-12-02,1531.62
SWSH: Silver Tempest,2024-12-09,3801.42
SWSH: Silver Tempest,2024-12-09,818.04
SWSH: Silver Tempest,2024-12-16,3205.52
SWSH: Silver Tempest,2024-12-16,734.45
SWSH: Silver Tempest,2024-12-23,5454.68
SWSH: Silver Tempest,2024-12-23,1049.60
SWSH: Silver Tempest,2024-12-30,8290.84
SWSH: Silver Tempest,2024-12-30,1210.49
SWSH: Silver Tempest,2025-01-06,8000.19
SWSH: Silver Tempest,2025-01-06,2208.00
SWSH: Silver Tempest,2025-01-13,4627.64
SWSH: Silver Tempest,2025-01-13,4181.67
SWSH: Silver Tempest,2025-01-20,5381.54
SWSH: Silver Tempest,2025-01-20,4483.50
SWSH: Silver Tempest,2025-01-27,5576.40
SWSH: Silver Tempest,2025-01-27,1764.23
SWSH: Silver Tempest,2025-02-03,6638.39
SWSH: Silver Tempest,2025-02-03,4597.32
SWSH: Silver Tempest,2025-02-10,8552.88
SWSH: Silver Tempest,2025-02-10,2619.76
SWSH: Silver Tempest,2025-02-17,7888.98
SWSH: Silver Tempest,2025-02-17,5591.04
SWSH: Silver Tempest,2025-02-24,19380.50
SWSH: Silver Tempest,2025-02-24,1469.52
SWSH: Silver Tempest,2025-03-03,7562.10
SWSH: Silver Tempest,2025-03-03,936.36
SWSH: Silver Tempest,2025-03-10,9934.34
SWSH: Silver Tempest,2025-03-10,1293.11
SWSH: Silver Tempest,2025-03-17,4894.56
SWSH: Silver Tempest,2025-03-17,1063.44
SWSH: Silver Tempest,2025-03-24,5161.73
SWSH: Silver Tempest,2025-03-24,694.22
SWSH: Silver Tempest,2025-03-31,3780.42
SWSH: Silver Tempest,2025-03-31,724.20
SWSH: Silver Tempest,2025-04-07,2457.36
SWSH: Silver Tempest,2025-04-07,1571.76
SWSH: Silver Tempest,2025-04-14,5264.40
SWSH: Silver Tempest,2025-04-14,449.19
SWSH: Silver Tempest,2025-04-21,3740.52
SWSH: Silver Tempest,2025-04-21,554.25
SWSH: Silver Tempest,2025-04-28,4130.70
SWSH: Silver Tempest,2025-04-28,195.52
SWSH: Silver Tempest,2025-05-05,20188.98
SWSH: Silver Tempest,2025-05-05,547.20
SWSH: Silver Tempest,2025-05-12,11902.44
SWSH: Silver Tempest,2025-05-12,1342.08
SWSH: Silver Tempest,2025-05-19,10531.32
SWSH: Silver Tempest,2025-05-19,844.44
SWSH: Silver Tempest,2025-05-26,2715.76
SWSH: Silver Tempest,2025-05-26,704.85
